t,phase,q1,q2,q3,q4,q5,tip_x,tip_y,tip_z,error,depth
0.05,positioning,0.200076,3e-06,-0.100039,0.0,0.0,0.200076,3e-06,0.34996,0.442241,-0.22996
0.1,positioning,0.200305,1.1e-05,-0.100157,0.0,0.0,0.200305,1.1e-05,0.349842,0.441993,-0.229842
0.15,positioning,0.200686,2.5e-05,-0.100354,0.0,0.0,0.200686,2.5e-05,0.349645,0.441582,-0.229645
0.2,positioning,0.201219,4.5e-05,-0.100629,0.0,0.0,0.201219,4.5e-05,0.34937,0.441006,-0.22937
0.25,positioning,0.201904,7e-05,-0.100982,0.0,0.0,0.201904,7e-05,0.349017,0.440266,-0.229017
0.3,positioning,0.20274,0.000101,-0.101413,0.0,0.0,0.20274,0.000101,0.348586,0.439364,-0.228586
0.35,positioning,0.203726,0.000137,-0.101922,0.0,0.0,0.203726,0.000137,0.348077,0.438299,-0.228077
0.4,positioning,0.204863,0.000178,-0.102508,0.0,0.0,0.204863,0.000178,0.347492,0.437072,-0.227492
0.45,positioning,0.206148,0.000226,-0.10317,0.0,0.0,0.206148,0.000226,0.346829,0.435686,-0.226829
0.5,positioning,0.207581,0.000278,-0.10391,0.0,0.0,0.207581,0.000278,0.34609,0.43414,-0.22609
0.55,positioning,0.209161,0.000336,-0.104724,0.0,0.0,0.209161,0.000336,0.345275,0.432436,-0.225275
0.6,positioning,0.210887,0.000399,-0.105614,0.0,0.0,0.210887,0.000399,0.344385,0.430576,-0.224385
0.65,positioning,0.212757,0.000468,-0.106579,0.0,0.0,0.212757,0.000468,0.34342,0.428561,-0.22342
0.7,positioning,0.21477,0.000542,-0.107617,0.0,0.0,0.21477,0.000542,0.342382,0.426393,-0.222382
0.75,positioning,0.216925,0.000621,-0.108728,0.0,0.0,0.216925,0.000621,0.341271,0.424073,-0.221271
0.8,positioning,0.219219,0.000705,-0.109912,0.0,0.0,0.219219,0.000705,0.340088,0.421604,-0.220088
0.85,positioning,0.221652,0.000794,-0.111166,0.0,0.0,0.221652,0.000794,0.338833,0.418988,-0.218833
0.9,positioning,0.224221,0.000889,-0.112491,0.0,0.0,0.224221,0.000889,0.337508,0.416227,-0.217508
0.95,positioning,0.226925,0.000988,-0.113886,0.0,0.0,0.226925,0.000988,0.336114,0.413324,-0.216114
1.0,positioning,0.229761,0.001092,-0.115348,0.0,0.0,0.229761,0.001092,0.334651,0.41028,-0.214651
1.05,positioning,0.232728,0.001201,-0.116878,0.0,0.0,0.232728,0.001201,0.333121,0.407099,-0.213121
1.1,positioning,0.235822,0.001314,-0.118474,0.0,0.0,0.235822,0.001314,0.331525,0.403783,-0.211525
1.15,positioning,0.239043,0.001432,-0.120135,0.0,0.0,0.239043,0.001432,0.329864,0.400336,-0.209864
1.2,positioning,0.242387,0.001555,-0.121859,0.0,0.0,0.242387,0.001555,0.32814,0.396759,-0.20814
1.25,positioning,0.245851,0.001682,-0.123646,0.0,0.0,0.245851,0.001682,0.326353,0.393057,-0.206353
1.3,positioning,0.249435,0.001814,-0.125494,0.0,0.0,0.249435,0.001814,0.324505,0.389233,-0.204505
1.35,positioning,0.253133,0.001949,-0.127402,0.0,0.0,0.253133,0.001949,0.322597,0.38529,-0.202597
1.4,positioning,0.256945,0.002089,-0.129367,0.0,0.0,0.256945,0.002089,0.320632,0.381231,-0.200632
1.45,positioning,0.260867,0.002233,-0.13139,0.0,0.0,0.260867,0.002233,0.318609,0.377061,-0.198609
1.5,positioning,0.264896,0.002381,-0.133468,0.0,0.0,0.264896,0.002381,0.316531,0.372782,-0.196531
1.55,positioning,0.269029,0.002532,-0.135599,0.0,0.0,0.269029,0.002532,0.3144,0.3684,-0.1944
1.6,positioning,0.273263,0.002688,-0.137783,0.0,0.0,0.273263,0.002688,0.312216,0.363917,-0.192216
1.65,positioning,0.277595,0.002847,-0.140017,0.0,0.0,0.277595,0.002847,0.309982,0.359338,-0.189982
1.7,positioning,0.282022,0.003009,-0.1423,0.0,0.0,0.282022,0.003009,0.307699,0.354667,-0.187699
1.75,positioning,0.28654,0.003175,-0.14463,0.0,0.0,0.28654,0.003175,0.305369,0.349908,-0.185369
1.8,positioning,0.291145,0.003344,-0.147005,0.0,0.0,0.291145,0.003344,0.302994,0.345067,-0.182994
1.85,positioning,0.295836,0.003516,-0.149424,0.0,0.0,0.295836,0.003516,0.300575,0.340147,-0.180575
1.9,positioning,0.300607,0.003691,-0.151885,0.0,0.0,0.300607,0.003691,0.298114,0.335153,-0.178114
1.95,positioning,0.305456,0.003869,-0.154385,0.0,0.0,0.305456,0.003869,0.295614,0.330091,-0.175614
2.0,positioning,0.310379,0.00405,-0.156924,0.0,0.0,0.310379,0.00405,0.293075,0.324964,-0.173075
2.05,positioning,0.315372,0.004233,-0.159499,0.0,0.0,0.315372,0.004233,0.2905,0.319779,-0.1705
2.1,positioning,0.320432,0.004418,-0.162108,0.0,0.0,0.320432,0.004418,0.287891,0.31454,-0.167891
2.15,positioning,0.325554,0.004606,-0.16475,0.0,0.0,0.325554,0.004606,0.285249,0.309252,-0.165249
2.2,positioning,0.330735,0.004796,-0.167422,0.0,0.0,0.330735,0.004796,0.282577,0.303921,-0.162577
2.25,positioning,0.335971,0.004988,-0.170122,0.0,0.0,0.335971,0.004988,0.279877,0.298553,-0.159877
2.3,positioning,0.341258,0.005182,-0.172849,0.0,0.0,0.341258,0.005182,0.27715,0.293153,-0.15715
2.35,positioning,0.346592,0.005378,-0.1756,0.0,0.0,0.346592,0.005378,0.274399,0.287727,-0.154399
2.4,positioning,0.35197,0.005575,-0.178373,0.0,0.0,0.35197,0.005575,0.271626,0.28228,-0.151626
2.45,positioning,0.357386,0.005774,-0.181166,0.0,0.0,0.357386,0.005774,0.268832,0.27682,-0.148832
2.5,positioning,0.362838,0.005974,-0.183978,0.0,0.0,0.362838,0.005974,0.266021,0.271351,-0.146021
2.55,positioning,0.368321,0.006175,-0.186805,0.0,0.0,0.368321,0.006175,0.263193,0.265881,-0.143193
2.6,positioning,0.37383,0.006377,-0.189647,0.0,0.0,0.37383,0.006377,0.260352,0.260416,-0.140352
2.65,positioning,0.379363,0.00658,-0.1925,0.0,0.0,0.379363,0.00658,0.257499,0.254962,-0.137499
2.7,positioning,0.384914,0.006784,-0.195363,0.0,0.0,0.384914,0.006784,0.254636,0.249525,-0.134636
2.75,positioning,0.39048,0.006988,-0.198233,0.0,0.0,0.39048,0.006988,0.251766,0.244114,-0.131766
2.8,positioning,0.396056,0.007193,-0.201109,0.0,0.0,0.396056,0.007193,0.24889,0.238734,-0.12889
2.85,positioning,0.401638,0.007398,-0.203988,0.0,0.0,0.401638,0.007398,0.246011,0.233394,-0.126011
2.9,positioning,0.407223,0.007602,-0.206868,0.0,0.0,0.407223,0.007602,0.243131,0.228099,-0.123131
2.95,positioning,0.412805,0.007807,-0.209747,0.0,0.0,0.412805,0.007807,0.240252,0.222858,-0.120252
3.0,positioning,0.418382,0.008012,-0.212622,0.0,0.0,0.418382,0.008012,0.237376,0.217678,-0.117376
3.05,positioning,0.423947,0.008216,-0.215493,0.0,0.0,0.423947,0.008216,0.234506,0.212567,-0.114506
3.1,positioning,0.429498,0.00842,-0.218355,0.0,0.0,0.429498,0.00842,0.231643,0.207532,-0.111643
3.15,positioning,0.435031,0.008623,-0.221209,0.0,0.0,0.435031,0.008623,0.22879,0.202581,-0.10879
3.2,positioning,0.440541,0.008825,-0.22405,0.0,0.0,0.440541,0.008825,0.225948,0.197723,-0.105948
3.25,positioning,0.446023,0.009026,-0.226878,0.0,0.0,0.446023,0.009026,0.223121,0.192964,-0.103121
3.3,positioning,0.451475,0.009226,-0.229689,0.0,0.0,0.451475,0.009226,0.220309,0.188314,-0.100309
3.35,positioning,0.456892,0.009425,-0.232482,0.0,0.0,0.456892,0.009425,0.217516,0.183781,-0.097516
3.4,positioning,0.462269,0.009622,-0.235256,0.0,0.0,0.462269,0.009622,0.214743,0.179372,-0.094743
3.45,positioning,0.467603,0.009818,-0.238007,0.0,0.0,0.467603,0.009818,0.211992,0.175096,-0.091992
3.5,positioning,0.47289,0.010012,-0.240733,0.0,0.0,0.47289,0.010012,0.209265,0.17096,-0.089265
3.55,positioning,0.478126,0.010204,-0.243434,0.0,0.0,0.478126,0.010204,0.206565,0.166972,-0.086565
3.6,positioning,0.483307,0.010394,-0.246105,0.0,0.0,0.483307,0.010394,0.203893,0.163139,-0.083893
3.65,positioning,0.48843,0.010582,-0.248747,0.0,0.0,0.48843,0.010582,0.201251,0.15947,-0.081251
3.7,positioning,0.493489,0.010767,-0.251356,0.0,0.0,0.493489,0.010767,0.198642,0.15597,-0.078642
3.75,positioning,0.498482,0.01095,-0.253931,0.0,0.0,0.498482,0.01095,0.196067,0.152645,-0.076067
3.8,positioning,0.503405,0.011131,-0.25647,0.0,0.0,0.503405,0.011131,0.193528,0.149502,-0.073528
3.85,positioning,0.508254,0.011309,-0.258971,0.0,0.0,0.508254,0.011309,0.191027,0.146546,-0.071027
3.9,positioning,0.513025,0.011484,-0.261431,0.0,0.0,0.513025,0.011484,0.188567,0.143779,-0.068567
3.95,positioning,0.517716,0.011656,-0.26385,0.0,0.0,0.517716,0.011656,0.186148,0.141206,-0.066148
4.0,positioning,0.522322,0.011825,-0.266226,0.0,0.0,0.522322,0.011825,0.183772,0.138828,-0.063772
4.05,positioning,0.52684,0.011991,-0.268556,0.0,0.0,0.52684,0.011991,0.181442,0.136647,-0.061442
4.1,positioning,0.531266,0.012153,-0.270839,0.0,0.0,0.531266,0.012153,0.179159,0.134662,-0.059159
4.15,positioning,0.535598,0.012312,-0.273073,0.0,0.0,0.535598,0.012312,0.176925,0.132872,-0.056925
4.2,positioning,0.539832,0.012468,-0.275256,0.0,0.0,0.539832,0.012468,0.174742,0.131273,-0.054742
4.25,positioning,0.543966,0.012619,-0.277388,0.0,0.0,0.543966,0.012619,0.17261,0.129863,-0.05261
4.3,positioning,0.547994,0.012767,-0.279465,0.0,0.0,0.547994,0.012767,0.170533,0.128635,-0.050533
4.35,positioning,0.551916,0.012911,-0.281488,0.0,0.0,0.551916,0.012911,0.16851,0.127584,-0.04851
4.4,positioning,0.555728,0.013051,-0.283454,0.0,0.0,0.555728,0.013051,0.166544,0.126702,-0.046544
4.45,positioning,0.559427,0.013186,-0.285361,0.0,0.0,0.559427,0.013186,0.164637,0.125979,-0.044637
4.5,positioning,0.56301,0.013318,-0.287209,0.0,0.0,0.56301,0.013318,0.162789,0.125407,-0.042789
4.55,positioning,0.566475,0.013445,-0.288996,0.0,0.0,0.566475,0.013445,0.161002,0.124975,-0.041002
4.6,positioning,0.569819,0.013568,-0.29072,0.0,0.0,0.569819,0.013568,0.159277,0.124673,-0.039277
4.65,positioning,0.573039,0.013686,-0.292381,0.0,0.0,0.573039,0.013686,0.157617,0.124488,-0.037617
4.7,positioning,0.576134,0.013799,-0.293977,0.0,0.0,0.576134,0.013799,0.156021,0.124411,-0.036021
4.75,positioning,0.5791,0.013908,-0.295507,0.0,0.0,0.5791,0.013908,0.154491,0.124428,-0.034491
4.8,positioning,0.581936,0.014012,-0.29697,0.0,0.0,0.581936,0.014012,0.153028,0.124528,-0.033028
4.85,positioning,0.58464,0.014111,-0.298364,0.0,0.0,0.58464,0.014111,0.151634,0.124699,-0.031634
4.9,positioning,0.587209,0.014206,-0.299689,0.0,0.0,0.587209,0.014206,0.150309,0.124931,-0.030309
4.95,positioning,0.589642,0.014295,-0.300944,0.0,0.0,0.589642,0.014295,0.149054,0.125211,-0.029054
5.0,positioning,0.591937,0.014379,-0.302127,0.0,0.0,0.591937,0.014379,0.147871,0.12553,-0.027871
5.05,positioning,0.594092,0.014458,-0.303238,0.0,0.0,0.594092,0.014458,0.146759,0.125876,-0.026759
5.1,positioning,0.596105,0.014532,-0.304277,0.0,0.0,0.596105,0.014532,0.145721,0.126241,-0.025721
5.15,positioning,0.597975,0.014601,-0.305241,0.0,0.0,0.597975,0.014601,0.144757,0.126616,-0.024757
5.2,positioning,0.599701,0.014664,-0.306131,0.0,0.0,0.599701,0.014664,0.143867,0.126992,-0.023867
5.25,positioning,0.601281,0.014722,-0.306946,0.0,0.0,0.601281,0.014722,0.143052,0.127361,-0.023052
5.3,positioning,0.602714,0.014774,-0.307685,0.0,0.0,0.602714,0.014774,0.142313,0.127716,-0.022313
5.35,positioning,0.603999,0.014822,-0.308348,0.0,0.0,0.603999,0.014822,0.14165,0.128051,-0.02165
5.4,positioning,0.605135,0.014863,-0.308934,0.0,0.0,0.605135,0.014863,0.141064,0.12836,-0.021064
5.45,positioning,0.606121,0.014899,-0.309442,0.0,0.0,0.606121,0.014899,0.140555,0.128638,-0.020555
5.5,positioning,0.606957,0.01493,-0.309873,0.0,0.0,0.606957,0.01493,0.140124,0.128881,-0.020124
5.55,positioning,0.607642,0.014955,-0.310227,0.0,0.0,0.607642,0.014955,0.139771,0.129084,-0.019771
5.6,positioning,0.608175,0.014975,-0.310501,0.0,0.0,0.608175,0.014975,0.139496,0.129246,-0.019496
5.65,positioning,0.608556,0.014989,-0.310698,0.0,0.0,0.608556,0.014989,0.1393,0.129363,-0.0193
5.7,positioning,0.608785,0.014997,-0.310816,0.0,0.0,0.608785,0.014997,0.139182,0.129433,-0.019182
5.75,positioning,0.608861,0.015,-0.310855,0.0,0.0,0.608861,0.015,0.139142,0.129457,-0.019142
5.8,alignment,0.608861,0.015,-0.310855,0.002149,0.0,0.608539,0.015,0.139143,0.129236,-0.019143
5.85,alignment,0.608861,0.015,-0.310855,0.008542,0.0,0.60758,0.015,0.139148,0.128585,-0.019148
5.9,alignment,0.608861,0.015,-0.310855,0.019023,0.0,0.606008,0.015,0.13917,0.127535,-0.01917
5.95,alignment,0.608861,0.015,-0.310855,0.033333,0.0,0.603862,0.015,0.139226,0.12614,-0.019226
6.0,alignment,0.608861,0.015,-0.310855,0.05112,0.0,0.601197,0.015,0.139338,0.124469,-0.019338
6.05,alignment,0.608861,0.015,-0.310855,0.071945,0.0,0.598079,0.015,0.13953,0.122606,-0.01953
6.1,alignment,0.608861,0.015,-0.310855,0.095297,0.0,0.594589,0.015,0.139823,0.120643,-0.019823
6.15,alignment,0.608861,0.015,-0.310855,0.120599,0.0,0.590815,0.015,0.140232,0.118676,-0.020232
6.2,alignment,0.608861,0.015,-0.310855,0.14723,0.0,0.586857,0.015,0.140765,0.116794,-0.020765
6.25,alignment,0.608861,0.015,-0.310855,0.174533,0.0,0.582814,0.015,0.141421,0.115077,-0.021421
6.3,alignment,0.608861,0.015,-0.310855,0.201836,0.0,0.578791,0.015,0.142187,0.113586,-0.022187
6.35,alignment,0.608861,0.015,-0.310855,0.228467,0.0,0.574889,0.015,0.14304,0.112359,-0.02304
6.4,alignment,0.608861,0.015,-0.310855,0.253769,0.0,0.571203,0.015,0.143946,0.11141,-0.023946
6.45,alignment,0.608861,0.015,-0.310855,0.277121,0.0,0.567823,0.015,0.144865,0.110726,-0.024865
6.5,alignment,0.608861,0.015,-0.310855,0.297946,0.0,0.564828,0.015,0.145751,0.110274,-0.025751
6.55,alignment,0.608861,0.015,-0.310855,0.315733,0.0,0.562284,0.015,0.146557,0.110008,-0.026557
6.6,alignment,0.608861,0.015,-0.310855,0.330043,0.0,0.560249,0.015,0.147238,0.109875,-0.027238
6.65,alignment,0.608861,0.015,-0.310855,0.340524,0.0,0.558764,0.015,0.147755,0.109824,-0.027755
6.7,alignment,0.608861,0.015,-0.310855,0.346917,0.0,0.557861,0.015,0.148079,0.109812,-0.028079
6.75,alignment,0.608861,0.015,-0.310855,0.349066,0.0,0.557558,0.015,0.148188,0.109811,-0.028188
6.8,insertion,0.608861,0.015,-0.310855,0.349066,0.00025,0.557473,0.015,0.147953,0.109561,-0.027953
6.85,insertion,0.608861,0.015,-0.310855,0.349066,0.0005,0.557387,0.015,0.147718,0.109311,-0.027718
6.9,insertion,0.608861,0.015,-0.310855,0.349066,0.00075,0.557302,0.015,0.147483,0.109061,-0.027483
6.95,insertion,0.608861,0.015,-0.310855,0.349066,0.001001,0.557216,0.015,0.147248,0.108811,-0.027248
7.0,insertion,0.608861,0.015,-0.310855,0.349066,0.001251,0.557131,0.015,0.147013,0.10856,-0.027013
7.05,insertion,0.608861,0.015,-0.310855,0.349066,0.001501,0.557045,0.015,0.146778,0.10831,-0.026778
7.1,insertion,0.608861,0.015,-0.310855,0.349066,0.001751,0.556959,0.015,0.146543,0.10806,-0.026543
7.15,insertion,0.608861,0.015,-0.310855,0.349066,0.002001,0.556874,0.015,0.146308,0.10781,-0.026308
7.2,insertion,0.608861,0.015,-0.310855,0.349066,0.002251,0.556788,0.015,0.146073,0.10756,-0.026073
7.25,insertion,0.608861,0.015,-0.310855,0.349066,0.002501,0.556703,0.015,0.145838,0.10731,-0.025838
7.3,insertion,0.608861,0.015,-0.310855,0.349066,0.002752,0.556617,0.015,0.145603,0.10706,-0.025603
7.35,insertion,0.608861,0.015,-0.310855,0.349066,0.003002,0.556532,0.015,0.145368,0.106809,-0.025368
7.4,insertion,0.608861,0.015,-0.310855,0.349066,0.003252,0.556446,0.015,0.145133,0.106559,-0.025133
7.45,insertion,0.608861,0.015,-0.310855,0.349066,0.003502,0.556361,0.015,0.144898,0.106309,-0.024898
7.5,insertion,0.608861,0.015,-0.310855,0.349066,0.003752,0.556275,0.015,0.144663,0.106059,-0.024663
7.55,insertion,0.608861,0.015,-0.310855,0.349066,0.004002,0.55619,0.015,0.144428,0.105809,-0.024428
7.6,insertion,0.608861,0.015,-0.310855,0.349066,0.004252,0.556104,0.015,0.144192,0.105559,-0.024192
7.65,insertion,0.608861,0.015,-0.310855,0.349066,0.004503,0.556018,0.015,0.143957,0.105309,-0.023957
7.7,insertion,0.608861,0.015,-0.310855,0.349066,0.004753,0.555933,0.015,0.143722,0.105058,-0.023722
7.75,insertion,0.608861,0.015,-0.310855,0.349066,0.005003,0.555847,0.015,0.143487,0.104808,-0.023487
7.8,insertion,0.608861,0.015,-0.310855,0.349066,0.005253,0.555762,0.015,0.143252,0.104558,-0.023252
7.85,insertion,0.608861,0.015,-0.310855,0.349066,0.005503,0.555676,0.015,0.143017,0.104308,-0.023017
7.9,insertion,0.608861,0.015,-0.310855,0.349066,0.005753,0.555591,0.015,0.142782,0.104058,-0.022782
7.95,insertion,0.608861,0.015,-0.310855,0.349066,0.006003,0.555505,0.015,0.142547,0.103808,-0.022547
8.0,insertion,0.608861,0.015,-0.310855,0.349066,0.006254,0.55542,0.015,0.142312,0.103558,-0.022312
8.05,insertion,0.608861,0.015,-0.310855,0.349066,0.006504,0.555334,0.015,0.142077,0.103307,-0.022077
8.1,insertion,0.608861,0.015,-0.310855,0.349066,0.006754,0.555248,0.015,0.141842,0.103057,-0.021842
8.15,insertion,0.608861,0.015,-0.310855,0.349066,0.007004,0.555163,0.015,0.141607,0.102807,-0.021607
8.2,insertion,0.608861,0.015,-0.310855,0.349066,0.007254,0.555077,0.015,0.141372,0.102557,-0.021372
8.25,insertion,0.608861,0.015,-0.310855,0.349066,0.007504,0.554992,0.015,0.141137,0.102307,-0.021137
8.3,insertion,0.608861,0.015,-0.310855,0.349066,0.007754,0.554906,0.015,0.140902,0.102057,-0.020902
8.35,insertion,0.608861,0.015,-0.310855,0.349066,0.008005,0.554821,0.015,0.140667,0.101807,-0.020667
8.4,insertion,0.608861,0.015,-0.310855,0.349066,0.008255,0.554735,0.015,0.140432,0.101556,-0.020432
8.45,insertion,0.608861,0.015,-0.310855,0.349066,0.008505,0.55465,0.015,0.140196,0.101306,-0.020196
8.5,insertion,0.608861,0.015,-0.310855,0.349066,0.008755,0.554564,0.015,0.139961,0.101056,-0.019961
8.55,insertion,0.608861,0.015,-0.310855,0.349066,0.009005,0.554478,0.015,0.139726,0.100806,-0.019726
8.6,insertion,0.608861,0.015,-0.310855,0.349066,0.009255,0.554393,0.015,0.139491,0.100556,-0.019491
8.65,insertion,0.608861,0.015,-0.310855,0.349066,0.009505,0.554307,0.015,0.139256,0.100306,-0.019256
8.7,insertion,0.608861,0.015,-0.310855,0.349066,0.009756,0.554222,0.015,0.139021,0.100056,-0.019021
8.75,insertion,0.608861,0.015,-0.310855,0.349066,0.010006,0.554136,0.015,0.138786,0.099805,-0.018786
8.8,insertion,0.608861,0.015,-0.310855,0.349066,0.010256,0.554051,0.015,0.138551,0.099555,-0.018551
8.85,insertion,0.608861,0.015,-0.310855,0.349066,0.010506,0.553965,0.015,0.138316,0.099305,-0.018316
8.9,insertion,0.608861,0.015,-0.310855,0.349066,0.010756,0.55388,0.015,0.138081,0.099055,-0.018081
8.95,insertion,0.608861,0.015,-0.310855,0.349066,0.011006,0.553794,0.015,0.137846,0.098805,-0.017846
9.0,insertion,0.608861,0.015,-0.310855,0.349066,0.011256,0.553708,0.015,0.137611,0.098555,-0.017611
9.05,insertion,0.608861,0.015,-0.310855,0.349066,0.011507,0.553623,0.015,0.137376,0.098305,-0.017376
9.1,insertion,0.608861,0.015,-0.310855,0.349066,0.011757,0.553537,0.015,0.137141,0.098054,-0.017141
9.15,insertion,0.608861,0.015,-0.310855,0.349066,0.012007,0.553452,0.015,0.136906,0.097804,-0.016906
9.2,insertion,0.608861,0.015,-0.310855,0.349066,0.012257,0.553366,0.015,0.136671,0.097554,-0.016671
9.25,insertion,0.608861,0.015,-0.310855,0.349066,0.012507,0.553281,0.015,0.136436,0.097304,-0.016436
9.3,insertion,0.608861,0.015,-0.310855,0.349066,0.012757,0.553195,0.015,0.1362,0.097054,-0.0162
9.35,insertion,0.608861,0.015,-0.310855,0.349066,0.013008,0.55311,0.015,0.135965,0.096804,-0.015965
9.4,insertion,0.608861,0.015,-0.310855,0.349066,0.013258,0.553024,0.015,0.13573,0.096554,-0.01573
9.45,insertion,0.608861,0.015,-0.310855,0.349066,0.013508,0.552938,0.015,0.135495,0.096303,-0.015495
9.5,insertion,0.608861,0.015,-0.310855,0.349066,0.013758,0.552853,0.015,0.13526,0.096053,-0.01526
9.55,insertion,0.608861,0.015,-0.310855,0.349066,0.014008,0.552767,0.015,0.135025,0.095803,-0.015025
9.6,insertion,0.608861,0.015,-0.310855,0.349066,0.014258,0.552682,0.015,0.13479,0.095553,-0.01479
9.65,insertion,0.608861,0.015,-0.310855,0.349066,0.014508,0.552596,0.015,0.134555,0.095303,-0.014555
9.7,insertion,0.608861,0.015,-0.310855,0.349066,0.014759,0.552511,0.015,0.13432,0.095053,-0.01432
9.75,insertion,0.608861,0.015,-0.310855,0.349066,0.015009,0.552425,0.015,0.134085,0.094803,-0.014085
9.8,insertion,0.608861,0.015,-0.310855,0.349066,0.015259,0.55234,0.015,0.13385,0.094552,-0.01385
9.85,insertion,0.608861,0.015,-0.310855,0.349066,0.015509,0.552254,0.015,0.133615,0.094302,-0.013615
9.9,insertion,0.608861,0.015,-0.310855,0.349066,0.015759,0.552168,0.015,0.13338,0.094052,-0.01338
9.95,insertion,0.608861,0.015,-0.310855,0.349066,0.016009,0.552083,0.015,0.133145,0.093802,-0.013145
10.0,insertion,0.608861,0.015,-0.310855,0.349066,0.016259,0.551997,0.015,0.13291,0.093552,-0.01291
10.05,insertion,0.608861,0.015,-0.310855,0.349066,0.01651,0.551912,0.015,0.132675,0.093302,-0.012675
10.1,insertion,0.608861,0.015,-0.310855,0.349066,0.01676,0.551826,0.015,0.13244,0.093052,-0.01244
10.15,insertion,0.608861,0.015,-0.310855,0.349066,0.01701,0.551741,0.015,0.132204,0.092801,-0.012204
10.2,insertion,0.608861,0.015,-0.310855,0.349066,0.01726,0.551655,0.015,0.131969,0.092551,-0.011969
10.25,insertion,0.608861,0.015,-0.310855,0.349066,0.01751,0.55157,0.015,0.131734,0.092301,-0.011734
10.3,insertion,0.608861,0.015,-0.310855,0.349066,0.01776,0.551484,0.015,0.131499,0.092051,-0.011499
10.35,insertion,0.608861,0.015,-0.310855,0.349066,0.01801,0.551398,0.015,0.131264,0.091801,-0.011264
10.4,insertion,0.608861,0.015,-0.310855,0.349066,0.018261,0.551313,0.015,0.131029,0.091551,-0.011029
10.45,insertion,0.608861,0.015,-0.310855,0.349066,0.018511,0.551227,0.015,0.130794,0.091301,-0.010794
10.5,insertion,0.608861,0.015,-0.310855,0.349066,0.018761,0.551142,0.015,0.130559,0.09105,-0.010559
10.55,insertion,0.608861,0.015,-0.310855,0.349066,0.019011,0.551056,0.015,0.130324,0.0908,-0.010324
10.6,insertion,0.608861,0.015,-0.310855,0.349066,0.019261,0.550971,0.015,0.130089,0.09055,-0.010089
10.65,insertion,0.608861,0.015,-0.310855,0.349066,0.019511,0.550885,0.015,0.129854,0.0903,-0.009854
10.7,insertion,0.608861,0.015,-0.310855,0.349066,0.019761,0.5508,0.015,0.129619,0.09005,-0.009619
10.75,insertion,0.608861,0.015,-0.310855,0.349066,0.020012,0.550714,0.015,0.129384,0.0898,-0.009384
10.8,insertion,0.608861,0.015,-0.310855,0.349066,0.020262,0.550628,0.015,0.129149,0.089549,-0.009149
10.85,insertion,0.608861,0.015,-0.310855,0.349066,0.020512,0.550543,0.015,0.128914,0.089299,-0.008914
10.9,insertion,0.608861,0.015,-0.310855,0.349066,0.020762,0.550457,0.015,0.128679,0.089049,-0.008679
10.95,insertion,0.608861,0.015,-0.310855,0.349066,0.021012,0.550372,0.015,0.128444,0.088799,-0.008444
11.0,insertion,0.608861,0.015,-0.310855,0.349066,0.021262,0.550286,0.015,0.128208,0.088549,-0.008208
11.05,insertion,0.608861,0.015,-0.310855,0.349066,0.021512,0.550201,0.015,0.127973,0.088299,-0.007973
11.1,insertion,0.608861,0.015,-0.310855,0.349066,0.021763,0.550115,0.015,0.127738,0.088049,-0.007738
11.15,insertion,0.608861,0.015,-0.310855,0.349066,0.022013,0.55003,0.015,0.127503,0.087798,-0.007503
11.2,insertion,0.608861,0.015,-0.310855,0.349066,0.022263,0.549944,0.015,0.127268,0.087548,-0.007268
11.25,insertion,0.608861,0.015,-0.310855,0.349066,0.022513,0.549858,0.015,0.127033,0.087298,-0.007033
11.3,insertion,0.608861,0.015,-0.310855,0.349066,0.022763,0.549773,0.015,0.126798,0.087048,-0.006798
11.35,insertion,0.608861,0.015,-0.310855,0.349066,0.023013,0.549687,0.015,0.126563,0.086798,-0.006563
11.4,insertion,0.608861,0.015,-0.310855,0.349066,0.023263,0.549602,0.015,0.126328,0.086548,-0.006328
11.45,insertion,0.608861,0.015,-0.310855,0.349066,0.023514,0.549516,0.015,0.126093,0.086298,-0.006093
11.5,insertion,0.608861,0.015,-0.310855,0.349066,0.023764,0.549431,0.015,0.125858,0.086047,-0.005858
11.55,insertion,0.608861,0.015,-0.310855,0.349066,0.024014,0.549345,0.015,0.125623,0.085797,-0.005623
11.6,insertion,0.608861,0.015,-0.310855,0.349066,0.024264,0.54926,0.015,0.125388,0.085547,-0.005388
11.65,insertion,0.608861,0.015,-0.310855,0.349066,0.024514,0.549174,0.015,0.125153,0.085297,-0.005153
11.7,insertion,0.608861,0.015,-0.310855,0.349066,0.024764,0.549088,0.015,0.124918,0.085047,-0.004918
11.75,insertion,0.608861,0.015,-0.310855,0.349066,0.025014,0.549003,0.015,0.124683,0.084797,-0.004683
11.8,insertion,0.608861,0.015,-0.310855,0.349066,0.025265,0.548917,0.015,0.124448,0.084547,-0.004448
11.85,insertion,0.608861,0.015,-0.310855,0.349066,0.025515,0.548832,0.015,0.124212,0.084296,-0.004212
11.9,insertion,0.608861,0.015,-0.310855,0.349066,0.025765,0.548746,0.015,0.123977,0.084046,-0.003977
11.95,insertion,0.608861,0.015,-0.310855,0.349066,0.026015,0.548661,0.015,0.123742,0.083796,-0.003742
12.0,insertion,0.608861,0.015,-0.310855,0.349066,0.026265,0.548575,0.015,0.123507,0.083546,-0.003507
12.05,insertion,0.608861,0.015,-0.310855,0.349066,0.026515,0.54849,0.015,0.123272,0.083296,-0.003272
12.1,insertion,0.608861,0.015,-0.310855,0.349066,0.026765,0.548404,0.015,0.123037,0.083046,-0.003037
12.15,insertion,0.608861,0.015,-0.310855,0.349066,0.027016,0.548318,0.015,0.122802,0.082796,-0.002802
12.2,insertion,0.608861,0.015,-0.310855,0.349066,0.027266,0.548233,0.015,0.122567,0.082545,-0.002567
12.25,insertion,0.608861,0.015,-0.310855,0.349066,0.027516,0.548147,0.015,0.122332,0.082295,-0.002332
12.3,insertion,0.608861,0.015,-0.310855,0.349066,0.027766,0.548062,0.015,0.122097,0.082045,-0.002097
12.35,insertion,0.608861,0.015,-0.310855,0.349066,0.028016,0.547976,0.015,0.121862,0.081795,-0.001862
12.4,insertion,0.608861,0.015,-0.310855,0.349066,0.028266,0.547891,0.015,0.121627,0.081545,-0.001627
12.45,insertion,0.608861,0.015,-0.310855,0.349066,0.028516,0.547805,0.015,0.121392,0.081295,-0.001392
12.5,insertion,0.608861,0.015,-0.310855,0.349066,0.028767,0.54772,0.015,0.121157,0.081045,-0.001157
12.55,insertion,0.608861,0.015,-0.310855,0.349066,0.029017,0.547634,0.015,0.120922,0.080794,-0.000922
12.6,insertion,0.608861,0.015,-0.310855,0.349066,0.029267,0.547549,0.015,0.120687,0.080544,-0.000687
12.65,insertion,0.608861,0.015,-0.310855,0.349066,0.029517,0.547463,0.015,0.120452,0.080294,-0.000452
12.7,insertion,0.608861,0.015,-0.310855,0.349066,0.029767,0.547377,0.015,0.120216,0.080044,-0.000216
12.75,insertion,0.608861,0.015,-0.310855,0.349066,0.030017,0.547292,0.015,0.119981,0.079794,1.9e-05
12.8,insertion,0.608861,0.015,-0.310855,0.349066,0.030267,0.547206,0.015,0.119746,0.079544,0.000254
12.85,insertion,0.608861,0.015,-0.310855,0.349066,0.030518,0.547121,0.015,0.119511,0.079294,0.000489
12.9,insertion,0.608861,0.015,-0.310855,0.349066,0.030768,0.547035,0.015,0.119276,0.079043,0.000724
12.95,insertion,0.608861,0.015,-0.310855,0.349066,0.031018,0.54695,0.015,0.119041,0.078793,0.000959
13.0,insertion,0.608861,0.015,-0.310855,0.349066,0.031268,0.546864,0.015,0.118806,0.078543,0.001194
13.05,insertion,0.608861,0.015,-0.310855,0.349066,0.031518,0.546779,0.015,0.118571,0.078293,0.001429
13.1,insertion,0.608861,0.015,-0.310855,0.349066,0.031768,0.546693,0.015,0.118336,0.078043,0.001664
13.15,insertion,0.608861,0.015,-0.310855,0.349066,0.032018,0.546607,0.015,0.118101,0.077793,0.001899
13.2,insertion,0.608861,0.015,-0.310855,0.349066,0.032269,0.546522,0.015,0.117866,0.077543,0.002134
13.25,insertion,0.608861,0.015,-0.310855,0.349066,0.032519,0.546436,0.015,0.117631,0.077292,0.002369
13.3,insertion,0.608861,0.015,-0.310855,0.349066,0.032769,0.546351,0.015,0.117396,0.077042,0.002604
13.35,insertion,0.608861,0.015,-0.310855,0.349066,0.033019,0.546265,0.015,0.117161,0.076792,0.002839
13.4,insertion,0.608861,0.015,-0.310855,0.349066,0.033269,0.54618,0.015,0.116926,0.076542,0.003074
13.45,insertion,0.608861,0.015,-0.310855,0.349066,0.033519,0.546094,0.015,0.116691,0.076292,0.003309
13.5,insertion,0.608861,0.015,-0.310855,0.349066,0.033769,0.546009,0.015,0.116456,0.076042,0.003544
13.55,insertion,0.608861,0.015,-0.310855,0.349066,0.03402,0.545923,0.015,0.116221,0.075792,0.003779
13.6,insertion,0.608861,0.015,-0.310855,0.349066,0.03427,0.545837,0.015,0.115985,0.075541,0.004015
13.65,insertion,0.608861,0.015,-0.310855,0.349066,0.03452,0.545752,0.015,0.11575,0.075291,0.00425
13.7,insertion,0.608861,0.015,-0.310855,0.349066,0.03477,0.545666,0.015,0.115515,0.075041,0.004485
13.75,insertion,0.608861,0.015,-0.310855,0.349066,0.03502,0.545581,0.015,0.11528,0.074791,0.00472
13.8,insertion,0.608861,0.015,-0.310855,0.349066,0.03527,0.545495,0.015,0.115045,0.074541,0.004955
13.85,insertion,0.608861,0.015,-0.310855,0.349066,0.03552,0.54541,0.015,0.11481,0.074291,0.00519
13.9,insertion,0.608861,0.015,-0.310855,0.349066,0.035771,0.545324,0.015,0.114575,0.074041,0.005425
13.95,insertion,0.608861,0.015,-0.310855,0.349066,0.036021,0.545239,0.015,0.11434,0.07379,0.00566
14.0,insertion,0.608861,0.015,-0.310855,0.349066,0.036271,0.545153,0.015,0.114105,0.07354,0.005895
14.05,insertion,0.608861,0.015,-0.310855,0.349066,0.036521,0.545067,0.015,0.11387,0.07329,0.00613
14.1,insertion,0.608861,0.015,-0.310855,0.349066,0.036771,0.544982,0.015,0.113635,0.07304,0.006365
14.15,insertion,0.608861,0.015,-0.310855,0.349066,0.037021,0.544896,0.015,0.1134,0.07279,0.0066
14.2,insertion,0.608861,0.015,-0.310855,0.349066,0.037271,0.544811,0.015,0.113165,0.07254,0.006835
14.25,insertion,0.608861,0.015,-0.310855,0.349066,0.037522,0.544725,0.015,0.11293,0.07229,0.00707
14.3,insertion,0.608861,0.015,-0.310855,0.349066,0.037772,0.54464,0.015,0.112695,0.072039,0.007305
14.35,insertion,0.608861,0.015,-0.310855,0.349066,0.038022,0.544554,0.015,0.11246,0.071789,0.00754
14.4,insertion,0.608861,0.015,-0.310855,0.349066,0.038272,0.544469,0.015,0.112225,0.071539,0.007775
14.45,insertion,0.608861,0.015,-0.310855,0.349066,0.038522,0.544383,0.015,0.111989,0.071289,0.008011
14.5,insertion,0.608861,0.015,-0.310855,0.349066,0.038772,0.544297,0.015,0.111754,0.071039,0.008246
14.55,insertion,0.608861,0.015,-0.310855,0.349066,0.039023,0.544212,0.015,0.111519,0.070789,0.008481
14.6,insertion,0.608861,0.015,-0.310855,0.349066,0.039273,0.544126,0.015,0.111284,0.070539,0.008716
14.65,insertion,0.608861,0.015,-0.310855,0.349066,0.039523,0.544041,0.015,0.111049,0.070288,0.008951
14.7,insertion,0.608861,0.015,-0.310855,0.349066,0.039773,0.543955,0.015,0.110814,0.070038,0.009186
14.75,insertion,0.608861,0.015,-0.310855,0.349066,0.040023,0.54387,0.015,0.110579,0.069788,0.009421
14.8,insertion,0.608861,0.015,-0.310855,0.349066,0.040273,0.543784,0.015,0.110344,0.069538,0.009656
14.85,insertion,0.608861,0.015,-0.310855,0.349066,0.040523,0.543699,0.015,0.110109,0.069288,0.009891
14.9,insertion,0.608861,0.015,-0.310855,0.349066,0.040774,0.543613,0.015,0.109874,0.069038,0.010126
14.95,insertion,0.608861,0.015,-0.310855,0.349066,0.041024,0.543527,0.015,0.109639,0.068788,0.010361
15.0,insertion,0.608861,0.015,-0.310855,0.349066,0.041274,0.543442,0.015,0.109404,0.068537,0.010596
15.05,insertion,0.608861,0.015,-0.310855,0.349066,0.041524,0.543356,0.015,0.109169,0.068287,0.010831
15.1,insertion,0.608861,0.015,-0.310855,0.349066,0.041774,0.543271,0.015,0.108934,0.068037,0.011066
15.15,insertion,0.608861,0.015,-0.310855,0.349066,0.042024,0.543185,0.015,0.108699,0.067787,0.011301
15.2,insertion,0.608861,0.015,-0.310855,0.349066,0.042274,0.5431,0.015,0.108464,0.067537,0.011536
15.25,insertion,0.608861,0.015,-0.310855,0.349066,0.042525,0.543014,0.015,0.108229,0.067287,0.011771
15.3,insertion,0.608861,0.015,-0.310855,0.349066,0.042775,0.542929,0.015,0.107993,0.067037,0.012007
15.35,insertion,0.608861,0.015,-0.310855,0.349066,0.043025,0.542843,0.015,0.107758,0.066786,0.012242
15.4,insertion,0.608861,0.015,-0.310855,0.349066,0.043275,0.542757,0.015,0.107523,0.066536,0.012477
15.45,insertion,0.608861,0.015,-0.310855,0.349066,0.043525,0.542672,0.015,0.107288,0.066286,0.012712
15.5,insertion,0.608861,0.015,-0.310855,0.349066,0.043775,0.542586,0.015,0.107053,0.066036,0.012947
15.55,insertion,0.608861,0.015,-0.310855,0.349066,0.044025,0.542501,0.015,0.106818,0.065786,0.013182
15.6,insertion,0.608861,0.015,-0.310855,0.349066,0.044276,0.542415,0.015,0.106583,0.065536,0.013417
15.65,insertion,0.608861,0.015,-0.310855,0.349066,0.044526,0.54233,0.015,0.106348,0.065286,0.013652
15.7,insertion,0.608861,0.015,-0.310855,0.349066,0.044776,0.542244,0.015,0.106113,0.065035,0.013887
15.75,insertion,0.608861,0.015,-0.310855,0.349066,0.045026,0.542159,0.015,0.105878,0.064785,0.014122
15.8,insertion,0.608861,0.015,-0.310855,0.349066,0.045276,0.542073,0.015,0.105643,0.064535,0.014357
15.85,insertion,0.608861,0.015,-0.310855,0.349066,0.045526,0.541987,0.015,0.105408,0.064285,0.014592
15.9,insertion,0.608861,0.015,-0.310855,0.349066,0.045776,0.541902,0.015,0.105173,0.064035,0.014827
15.95,insertion,0.608861,0.015,-0.310855,0.349066,0.046027,0.541816,0.015,0.104938,0.063785,0.015062
16.0,insertion,0.608861,0.015,-0.310855,0.349066,0.046277,0.541731,0.015,0.104703,0.063534,0.015297
16.05,insertion,0.608861,0.015,-0.310855,0.349066,0.046527,0.541645,0.015,0.104468,0.063284,0.015532
16.1,insertion,0.608861,0.015,-0.310855,0.349066,0.046777,0.54156,0.015,0.104233,0.063034,0.015767
16.15,insertion,0.608861,0.015,-0.310855,0.349066,0.047027,0.541474,0.015,0.103997,0.062784,0.016003
16.2,insertion,0.608861,0.015,-0.310855,0.349066,0.047277,0.541389,0.015,0.103762,0.062534,0.016238
16.25,insertion,0.608861,0.015,-0.310855,0.349066,0.047527,0.541303,0.015,0.103527,0.062284,0.016473
16.3,insertion,0.608861,0.015,-0.310855,0.349066,0.047778,0.541217,0.015,0.103292,0.062034,0.016708
16.35,insertion,0.608861,0.015,-0.310855,0.349066,0.048028,0.541132,0.015,0.103057,0.061783,0.016943
16.4,insertion,0.608861,0.015,-0.310855,0.349066,0.048278,0.541046,0.015,0.102822,0.061533,0.017178
16.45,insertion,0.608861,0.015,-0.310855,0.349066,0.048528,0.540961,0.015,0.102587,0.061283,0.017413
16.5,insertion,0.608861,0.015,-0.310855,0.349066,0.048778,0.540875,0.015,0.102352,0.061033,0.017648
16.55,insertion,0.608861,0.015,-0.310855,0.349066,0.049028,0.54079,0.015,0.102117,0.060783,0.017883
16.6,insertion,0.608861,0.015,-0.310855,0.349066,0.049278,0.540704,0.015,0.101882,0.060533,0.018118
16.65,insertion,0.608861,0.015,-0.310855,0.349066,0.049529,0.540619,0.015,0.101647,0.060283,0.018353
16.7,insertion,0.608861,0.015,-0.310855,0.349066,0.049779,0.540533,0.015,0.101412,0.060032,0.018588
16.75,insertion,0.608861,0.015,-0.310855,0.349066,0.050029,0.540447,0.015,0.101177,0.059782,0.018823
16.8,insertion,0.608861,0.015,-0.310855,0.349066,0.050279,0.540362,0.015,0.100942,0.059532,0.019058
16.85,insertion,0.608861,0.015,-0.310855,0.349066,0.050529,0.540276,0.015,0.100707,0.059282,0.019293
16.9,insertion,0.608861,0.015,-0.310855,0.349066,0.050779,0.540191,0.015,0.100472,0.059032,0.019528
16.95,insertion,0.608861,0.015,-0.310855,0.349066,0.051029,0.540105,0.015,0.100237,0.058782,0.019763
17.0,insertion,0.608861,0.015,-0.310855,0.349066,0.05128,0.54002,0.015,0.100001,0.058532,0.019999
17.05,insertion,0.608861,0.015,-0.310855,0.349066,0.05153,0.539934,0.015,0.099766,0.058281,0.020234
17.1,insertion,0.608861,0.015,-0.310855,0.349066,0.05178,0.539849,0.015,0.099531,0.058031,0.020469
17.15,insertion,0.608861,0.015,-0.310855,0.349066,0.05203,0.539763,0.015,0.099296,0.057781,0.020704
17.2,insertion,0.608861,0.015,-0.310855,0.349066,0.05228,0.539678,0.015,0.099061,0.057531,0.020939
17.25,insertion,0.608861,0.015,-0.310855,0.349066,0.05253,0.539592,0.015,0.098826,0.057281,0.021174
17.3,insertion,0.608861,0.015,-0.310855,0.349066,0.05278,0.539506,0.015,0.098591,0.057031,0.021409
17.35,insertion,0.608861,0.015,-0.310855,0.349066,0.053031,0.539421,0.015,0.098356,0.056781,0.021644
17.4,insertion,0.608861,0.015,-0.310855,0.349066,0.053281,0.539335,0.015,0.098121,0.05653,0.021879
17.45,insertion,0.608861,0.015,-0.310855,0.349066,0.053531,0.53925,0.015,0.097886,0.05628,0.022114
17.5,insertion,0.608861,0.015,-0.310855,0.349066,0.053781,0.539164,0.015,0.097651,0.05603,0.022349
17.55,insertion,0.608861,0.015,-0.310855,0.349066,0.054031,0.539079,0.015,0.097416,0.05578,0.022584
17.6,insertion,0.608861,0.015,-0.310855,0.349066,0.054281,0.538993,0.015,0.097181,0.05553,0.022819
17.65,insertion,0.608861,0.015,-0.310855,0.349066,0.054531,0.538908,0.015,0.096946,0.05528,0.023054
17.7,insertion,0.608861,0.015,-0.310855,0.349066,0.054782,0.538822,0.015,0.096711,0.05503,0.023289
17.75,insertion,0.608861,0.015,-0.310855,0.349066,0.055032,0.538736,0.015,0.096476,0.054779,0.023524
17.8,insertion,0.608861,0.015,-0.310855,0.349066,0.055282,0.538651,0.015,0.096241,0.054529,0.023759
17.85,insertion,0.608861,0.015,-0.310855,0.349066,0.055532,0.538565,0.015,0.096005,0.054279,0.023995
17.9,insertion,0.608861,0.015,-0.310855,0.349066,0.055782,0.53848,0.015,0.09577,0.054029,0.02423
17.95,insertion,0.608861,0.015,-0.310855,0.349066,0.056032,0.538394,0.015,0.095535,0.053779,0.024465
18.0,insertion,0.608861,0.015,-0.310855,0.349066,0.056282,0.538309,0.015,0.0953,0.053529,0.0247
18.05,insertion,0.608861,0.015,-0.310855,0.349066,0.056533,0.538223,0.015,0.095065,0.053279,0.024935
18.1,insertion,0.608861,0.015,-0.310855,0.349066,0.056783,0.538138,0.015,0.09483,0.053028,0.02517
18.15,insertion,0.608861,0.015,-0.310855,0.349066,0.057033,0.538052,0.015,0.094595,0.052778,0.025405
18.2,insertion,0.608861,0.015,-0.310855,0.349066,0.057283,0.537966,0.015,0.09436,0.052528,0.02564
18.25,insertion,0.608861,0.015,-0.310855,0.349066,0.057533,0.537881,0.015,0.094125,0.052278,0.025875
18.3,insertion,0.608861,0.015,-0.310855,0.349066,0.057783,0.537795,0.015,0.09389,0.052028,0.02611
18.35,insertion,0.608861,0.015,-0.310855,0.349066,0.058033,0.53771,0.015,0.093655,0.051778,0.026345
18.4,insertion,0.608861,0.015,-0.310855,0.349066,0.058284,0.537624,0.015,0.09342,0.051528,0.02658
18.45,insertion,0.608861,0.015,-0.310855,0.349066,0.058534,0.537539,0.015,0.093185,0.051277,0.026815
18.5,insertion,0.608861,0.015,-0.310855,0.349066,0.058784,0.537453,0.015,0.09295,0.051027,0.02705
18.55,insertion,0.608861,0.015,-0.310855,0.349066,0.059034,0.537368,0.015,0.092715,0.050777,0.027285
18.6,insertion,0.608861,0.015,-0.310855,0.349066,0.059284,0.537282,0.015,0.09248,0.050527,0.02752
18.65,insertion,0.608861,0.015,-0.310855,0.349066,0.059534,0.537196,0.015,0.092245,0.050277,0.027755
18.7,insertion,0.608861,0.015,-0.310855,0.349066,0.059784,0.537111,0.015,0.092009,0.050027,0.027991
18.75,insertion,0.608861,0.015,-0.310855,0.349066,0.060035,0.537025,0.015,0.091774,0.049777,0.028226
18.8,insertion,0.608861,0.015,-0.310855,0.349066,0.060285,0.53694,0.015,0.091539,0.049526,0.028461
18.85,insertion,0.608861,0.015,-0.310855,0.349066,0.060535,0.536854,0.015,0.091304,0.049276,0.028696
18.9,insertion,0.608861,0.015,-0.310855,0.349066,0.060785,0.536769,0.015,0.091069,0.049026,0.028931
18.95,insertion,0.608861,0.015,-0.310855,0.349066,0.061035,0.536683,0.015,0.090834,0.048776,0.029166
19.0,insertion,0.608861,0.015,-0.310855,0.349066,0.061285,0.536598,0.015,0.090599,0.048526,0.029401
19.05,insertion,0.608861,0.015,-0.310855,0.349066,0.061535,0.536512,0.015,0.090364,0.048276,0.029636
19.1,insertion,0.608861,0.015,-0.310855,0.349066,0.061786,0.536426,0.015001,0.090129,0.048026,0.029871
19.15,insertion,0.608861,0.015,-0.310855,0.349066,0.062036,0.536341,0.015001,0.089894,0.047775,0.030106
19.2,insertion,0.608861,0.015,-0.310855,0.349066,0.062286,0.536255,0.015001,0.089659,0.047525,0.030341
19.25,insertion,0.608861,0.015,-0.310855,0.349066,0.062536,0.53617,0.015001,0.089424,0.047275,0.030576
19.3,insertion,0.608861,0.015,-0.310855,0.349066,0.062786,0.536084,0.015001,0.089189,0.047025,0.030811
19.35,insertion,0.608861,0.015,-0.310855,0.349066,0.063036,0.535999,0.015001,0.088954,0.046775,0.031046
19.4,insertion,0.608861,0.015,-0.310855,0.349066,0.063286,0.535913,0.015001,0.088719,0.046525,0.031281
19.45,insertion,0.608861,0.015,-0.310855,0.349066,0.063537,0.535828,0.015001,0.088484,0.046275,0.031516
19.5,insertion,0.608861,0.015,-0.310855,0.349066,0.063787,0.535742,0.015001,0.088249,0.046024,0.031751
19.55,insertion,0.608861,0.015,-0.310855,0.349066,0.064037,0.535656,0.015001,0.088013,0.045774,0.031987
19.6,insertion,0.608861,0.015,-0.310855,0.349066,0.064287,0.535571,0.015001,0.087778,0.045524,0.032222
19.65,insertion,0.608861,0.015,-0.310855,0.349066,0.064537,0.535485,0.015001,0.087543,0.045274,0.032457
19.7,insertion,0.608861,0.015,-0.310855,0.349066,0.064787,0.5354,0.015001,0.087308,0.045024,0.032692
19.75,insertion,0.608861,0.015,-0.310855,0.349066,0.065038,0.535314,0.015001,0.087073,0.044774,0.032927
19.8,insertion,0.608861,0.015,-0.310855,0.349066,0.065288,0.535229,0.015001,0.086838,0.044524,0.033162
19.85,insertion,0.608861,0.015,-0.310855,0.349066,0.065538,0.535143,0.015001,0.086603,0.044273,0.033397
19.9,insertion,0.608861,0.015,-0.310855,0.349066,0.065788,0.535058,0.015001,0.086368,0.044023,0.033632
19.95,insertion,0.608861,0.015,-0.310855,0.349066,0.066038,0.534972,0.015001,0.086133,0.043773,0.033867
20.0,insertion,0.608861,0.015,-0.310855,0.349066,0.066288,0.534886,0.015001,0.085898,0.043523,0.034102
20.05,insertion,0.608861,0.015,-0.310855,0.349066,0.066538,0.534801,0.015001,0.085663,0.043273,0.034337
20.1,insertion,0.608861,0.015,-0.310855,0.349066,0.066789,0.534715,0.015001,0.085428,0.043023,0.034572
20.15,insertion,0.608861,0.015,-0.310855,0.349066,0.067039,0.53463,0.015001,0.085193,0.042773,0.034807
20.2,insertion,0.608861,0.015,-0.310855,0.349066,0.067289,0.534544,0.015001,0.084958,0.042522,0.035042
20.25,insertion,0.608861,0.015,-0.310855,0.349066,0.067539,0.534459,0.015001,0.084723,0.042272,0.035277
20.3,insertion,0.608861,0.015,-0.310855,0.349066,0.067789,0.534373,0.015001,0.084488,0.042022,0.035512
20.35,insertion,0.608861,0.015,-0.310855,0.349066,0.068039,0.534288,0.015001,0.084253,0.041772,0.035747
20.4,insertion,0.608861,0.015,-0.310855,0.349066,0.068289,0.534202,0.015001,0.084017,0.041522,0.035983
20.45,insertion,0.608861,0.015,-0.310855,0.349066,0.06854,0.534116,0.015001,0.083782,0.041272,0.036218
20.5,insertion,0.608861,0.015,-0.310855,0.349066,0.06879,0.534031,0.015001,0.083547,0.041022,0.036453
20.55,insertion,0.608861,0.015,-0.310855,0.349066,0.06904,0.533945,0.015001,0.083312,0.040771,0.036688
20.6,insertion,0.608861,0.015,-0.310855,0.349066,0.06929,0.53386,0.015001,0.083077,0.040521,0.036923
20.65,insertion,0.608861,0.015,-0.310855,0.349066,0.06954,0.533774,0.015001,0.082842,0.040271,0.037158
20.7,insertion,0.608861,0.015,-0.310855,0.349066,0.06979,0.533689,0.015001,0.082607,0.040021,0.037393
20.75,insertion,0.608861,0.015,-0.310855,0.349066,0.07004,0.533603,0.015001,0.082372,0.039771,0.037628
20.8,insertion,0.608861,0.015,-0.310855,0.349066,0.070291,0.533518,0.015001,0.082137,0.039521,0.037863
20.85,insertion,0.608861,0.015,-0.310855,0.349066,0.070541,0.533432,0.015001,0.081902,0.03927,0.038098
20.9,insertion,0.608861,0.015,-0.310855,0.349066,0.070791,0.533346,0.015001,0.081667,0.03902,0.038333
20.95,insertion,0.608861,0.015,-0.310855,0.349066,0.071041,0.533261,0.015001,0.081432,0.03877,0.038568
21.0,insertion,0.608861,0.015,-0.310855,0.349066,0.071291,0.533175,0.015001,0.081197,0.03852,0.038803
21.05,insertion,0.608861,0.015,-0.310855,0.349066,0.071541,0.53309,0.015001,0.080962,0.03827,0.039038
21.1,insertion,0.608861,0.015,-0.310855,0.349066,0.071791,0.533004,0.015001,0.080727,0.03802,0.039273
21.15,insertion,0.608861,0.015,-0.310855,0.349066,0.072042,0.532919,0.015001,0.080492,0.03777,0.039508
21.2,insertion,0.608861,0.015,-0.310855,0.349066,0.072292,0.532833,0.015001,0.080257,0.037519,0.039743
21.25,insertion,0.608861,0.015,-0.310855,0.349066,0.072542,0.532748,0.015001,0.080021,0.037269,0.039979
21.3,insertion,0.608861,0.015,-0.310855,0.349066,0.072792,0.532662,0.015001,0.079786,0.037019,0.040214
21.35,insertion,0.608861,0.015,-0.310855,0.349066,0.073042,0.532576,0.015001,0.079551,0.036769,0.040449
21.4,insertion,0.608861,0.015,-0.310855,0.349066,0.073292,0.532491,0.015001,0.079316,0.036519,0.040684
21.45,insertion,0.608861,0.015,-0.310855,0.349066,0.073542,0.532405,0.015001,0.079081,0.036269,0.040919
21.5,insertion,0.608861,0.015,-0.310855,0.349066,0.073793,0.53232,0.015001,0.078846,0.036019,0.041154
21.55,insertion,0.608861,0.015,-0.310855,0.349066,0.074043,0.532234,0.015001,0.078611,0.035768,0.041389
21.6,insertion,0.608861,0.015,-0.310855,0.349066,0.074293,0.532149,0.015001,0.078376,0.035518,0.041624
21.65,insertion,0.608861,0.015,-0.310855,0.349066,0.074543,0.532063,0.015001,0.078141,0.035268,0.041859
21.7,insertion,0.608861,0.015,-0.310855,0.349066,0.074793,0.531978,0.015001,0.077906,0.035018,0.042094
21.75,insertion,0.608861,0.015,-0.310855,0.349066,0.075043,0.531892,0.015001,0.077671,0.034768,0.042329
21.8,insertion,0.608861,0.015,-0.310855,0.349066,0.075293,0.531807,0.015001,0.077436,0.034518,0.042564
21.85,insertion,0.608861,0.015,-0.310855,0.349066,0.075544,0.531721,0.015001,0.077201,0.034268,0.042799
21.9,insertion,0.608861,0.015,-0.310855,0.349066,0.075794,0.531635,0.015001,0.076966,0.034017,0.043034
21.95,insertion,0.608861,0.015,-0.310855,0.349066,0.076044,0.53155,0.015001,0.076731,0.033767,0.043269
22.0,insertion,0.608861,0.015,-0.310855,0.349066,0.076294,0.531464,0.015001,0.076496,0.033517,0.043504
22.05,insertion,0.608861,0.015,-0.310855,0.349066,0.076544,0.531379,0.015001,0.076261,0.033267,0.043739
22.1,insertion,0.608861,0.015,-0.310855,0.349066,0.076794,0.531293,0.015001,0.076025,0.033017,0.043975
22.15,insertion,0.608861,0.015,-0.310855,0.349066,0.077044,0.531208,0.015001,0.07579,0.032767,0.04421
22.2,insertion,0.608861,0.015,-0.310855,0.349066,0.077295,0.531122,0.015001,0.075555,0.032517,0.044445
22.25,insertion,0.608861,0.015,-0.310855,0.349066,0.077545,0.531037,0.015001,0.07532,0.032266,0.04468
22.3,insertion,0.608861,0.015,-0.310855,0.349066,0.077795,0.530951,0.015001,0.075085,0.032016,0.044915
22.35,insertion,0.608861,0.015,-0.310855,0.349066,0.078045,0.530865,0.015001,0.07485,0.031766,0.04515
22.4,insertion,0.608861,0.015,-0.310855,0.349066,0.078295,0.53078,0.015001,0.074615,0.031516,0.045385
22.45,insertion,0.608861,0.015,-0.310855,0.349066,0.078545,0.530694,0.015001,0.07438,0.031266,0.04562
22.5,insertion,0.608861,0.015,-0.310855,0.349066,0.078795,0.530609,0.015001,0.074145,0.031016,0.045855
22.55,insertion,0.608861,0.015,-0.310855,0.349066,0.079046,0.530523,0.015001,0.07391,0.030766,0.04609
22.6,insertion,0.608861,0.015,-0.310855,0.349066,0.079296,0.530438,0.015001,0.073675,0.030515,0.046325
22.65,insertion,0.608861,0.015,-0.310855,0.349066,0.079546,0.530352,0.015001,0.07344,0.030265,0.04656
22.7,insertion,0.608861,0.015,-0.310855,0.349066,0.079796,0.530267,0.015001,0.073205,0.030015,0.046795
22.75,insertion,0.608861,0.015,-0.310855,0.349066,0.080046,0.530181,0.015001,0.07297,0.029765,0.04703
22.8,insertion,0.608861,0.015,-0.310855,0.349066,0.080296,0.530095,0.015001,0.072735,0.029515,0.047265
22.85,insertion,0.608861,0.015,-0.310855,0.349066,0.080546,0.53001,0.015001,0.0725,0.029265,0.0475
22.9,insertion,0.608861,0.015,-0.310855,0.349066,0.080797,0.529924,0.015001,0.072265,0.029015,0.047735
22.95,insertion,0.608861,0.015,-0.310855,0.349066,0.081047,0.529839,0.015001,0.072029,0.028764,0.047971
23.0,insertion,0.608861,0.015,-0.310855,0.349066,0.081297,0.529753,0.015001,0.071794,0.028514,0.048206
23.05,insertion,0.608861,0.015,-0.310855,0.349066,0.081547,0.529668,0.015001,0.071559,0.028264,0.048441
23.1,insertion,0.608861,0.015,-0.310855,0.349066,0.081797,0.529582,0.015001,0.071324,0.028014,0.048676
23.15,insertion,0.608861,0.015,-0.310855,0.349066,0.082047,0.529497,0.015001,0.071089,0.027764,0.048911
23.2,insertion,0.608861,0.015,-0.310855,0.349066,0.082297,0.529411,0.015001,0.070854,0.027514,0.049146
23.25,insertion,0.608861,0.015,-0.310855,0.349066,0.082548,0.529325,0.015001,0.070619,0.027264,0.049381
23.3,insertion,0.608861,0.015,-0.310855,0.349066,0.082798,0.52924,0.015001,0.070384,0.027013,0.049616
23.35,insertion,0.608861,0.015,-0.310855,0.349066,0.083048,0.529154,0.015001,0.070149,0.026763,0.049851
23.4,insertion,0.608861,0.015,-0.310855,0.349066,0.083298,0.529069,0.015001,0.069914,0.026513,0.050086
23.45,insertion,0.608861,0.015,-0.310855,0.349066,0.083548,0.528983,0.015001,0.069679,0.026263,0.050321
23.5,insertion,0.608861,0.015,-0.310855,0.349066,0.083798,0.528898,0.015001,0.069444,0.026013,0.050556
23.55,insertion,0.608861,0.015,-0.310855,0.349066,0.084048,0.528812,0.015001,0.069209,0.025763,0.050791
23.6,insertion,0.608861,0.015,-0.310855,0.349066,0.084299,0.528727,0.015001,0.068974,0.025513,0.051026
23.65,insertion,0.608861,0.015,-0.310855,0.349066,0.084549,0.528641,0.015001,0.068739,0.025262,0.051261
23.7,insertion,0.608861,0.015,-0.310855,0.349066,0.084799,0.528555,0.015001,0.068504,0.025012,0.051496
23.75,insertion,0.608861,0.015,-0.310855,0.349066,0.085049,0.52847,0.015001,0.068269,0.024762,0.051731
23.8,insertion,0.608861,0.015,-0.310855,0.349066,0.085299,0.528384,0.015001,0.068033,0.024512,0.051967
23.85,insertion,0.608861,0.015,-0.310855,0.349066,0.085549,0.528299,0.015001,0.067798,0.024262,0.052202
23.9,insertion,0.608861,0.015,-0.310855,0.349066,0.085799,0.528213,0.015001,0.067563,0.024012,0.052437
23.95,insertion,0.608861,0.015,-0.310855,0.349066,0.08605,0.528128,0.015001,0.067328,0.023762,0.052672
24.0,insertion,0.608861,0.015,-0.310855,0.349066,0.0863,0.528042,0.015001,0.067093,0.023511,0.052907
24.05,insertion,0.608861,0.015,-0.310855,0.349066,0.08655,0.527957,0.015001,0.066858,0.023261,0.053142
24.1,insertion,0.608861,0.015,-0.310855,0.349066,0.0868,0.527871,0.015001,0.066623,0.023011,0.053377
24.15,insertion,0.608861,0.015,-0.310855,0.349066,0.08705,0.527785,0.015001,0.066388,0.022761,0.053612
24.2,insertion,0.608861,0.015,-0.310855,0.349066,0.0873,0.5277,0.015001,0.066153,0.022511,0.053847
24.25,insertion,0.608861,0.015,-0.310855,0.349066,0.08755,0.527614,0.015001,0.065918,0.022261,0.054082
24.3,insertion,0.608861,0.015,-0.310855,0.349066,0.087801,0.527529,0.015001,0.065683,0.022011,0.054317
24.35,insertion,0.608861,0.015,-0.310855,0.349066,0.088051,0.527443,0.015001,0.065448,0.02176,0.054552
24.4,insertion,0.608861,0.015,-0.310855,0.349066,0.088301,0.527358,0.015001,0.065213,0.02151,0.054787
24.45,insertion,0.608861,0.015,-0.310855,0.349066,0.088551,0.527272,0.015001,0.064978,0.02126,0.055022
24.5,insertion,0.608861,0.015,-0.310855,0.349066,0.088801,0.527187,0.015001,0.064743,0.02101,0.055257
24.55,insertion,0.608861,0.015,-0.310855,0.349066,0.089051,0.527101,0.015001,0.064508,0.02076,0.055492
24.6,insertion,0.608861,0.015,-0.310855,0.349066,0.089302,0.527015,0.015001,0.064273,0.02051,0.055727
24.65,insertion,0.608861,0.015,-0.310855,0.349066,0.089552,0.52693,0.015001,0.064037,0.02026,0.055963
24.7,insertion,0.608861,0.015,-0.310855,0.349066,0.089802,0.526844,0.015001,0.063802,0.020009,0.056198
24.75,insertion,0.608861,0.015,-0.310855,0.349066,0.090052,0.526759,0.015001,0.063567,0.019759,0.056433
24.8,insertion,0.608861,0.015,-0.310855,0.349066,0.090302,0.526673,0.015001,0.063332,0.019509,0.056668
24.85,insertion,0.608861,0.015,-0.310855,0.349066,0.090552,0.526588,0.015001,0.063097,0.019259,0.056903
24.9,insertion,0.608861,0.015,-0.310855,0.349066,0.090802,0.526502,0.015001,0.062862,0.019009,0.057138
24.95,insertion,0.608861,0.015,-0.310855,0.349066,0.091053,0.526417,0.015001,0.062627,0.018759,0.057373
25.0,insertion,0.608861,0.015,-0.310855,0.349066,0.091303,0.526331,0.015001,0.062392,0.018509,0.057608
25.05,insertion,0.608861,0.015,-0.310855,0.349066,0.091553,0.526245,0.015001,0.062157,0.018258,0.057843
25.1,insertion,0.608861,0.015,-0.310855,0.349066,0.091803,0.52616,0.015001,0.061922,0.018008,0.058078
25.15,insertion,0.608861,0.015,-0.310855,0.349066,0.092053,0.526074,0.015001,0.061687,0.017758,0.058313
25.2,insertion,0.608861,0.015,-0.310855,0.349066,0.092303,0.525989,0.015001,0.061452,0.017508,0.058548
25.25,insertion,0.608861,0.015,-0.310855,0.349066,0.092553,0.525903,0.015001,0.061217,0.017258,0.058783
25.3,insertion,0.608861,0.015,-0.310855,0.349066,0.092804,0.525818,0.015001,0.060982,0.017008,0.059018
25.35,insertion,0.608861,0.015,-0.310855,0.349066,0.093054,0.525732,0.015001,0.060747,0.016758,0.059253
25.4,insertion,0.608861,0.015,-0.310855,0.349066,0.093304,0.525647,0.015001,0.060512,0.016507,0.059488
25.45,insertion,0.608861,0.015,-0.310855,0.349066,0.093554,0.525561,0.015001,0.060277,0.016257,0.059723
25.5,insertion,0.608861,0.015,-0.310855,0.349066,0.093804,0.525475,0.015001,0.060041,0.016007,0.059959
25.55,insertion,0.608861,0.015,-0.310855,0.349066,0.094054,0.52539,0.015001,0.059806,0.015757,0.060194
25.6,insertion,0.608861,0.015,-0.310855,0.349066,0.094304,0.525304,0.015001,0.059571,0.015507,0.060429
25.65,insertion,0.608861,0.015,-0.310855,0.349066,0.094555,0.525219,0.015001,0.059336,0.015257,0.060664
25.7,insertion,0.608861,0.015,-0.310855,0.349066,0.094805,0.525133,0.015001,0.059101,0.015007,0.060899
25.75,insertion,0.608861,0.015,-0.310855,0.349066,0.095055,0.525048,0.015001,0.058866,0.014756,0.061134
25.8,insertion,0.608861,0.015,-0.310855,0.349066,0.095305,0.524962,0.015001,0.058631,0.014506,0.061369
25.85,insertion,0.608861,0.015,-0.310855,0.349066,0.095555,0.524877,0.015001,0.058396,0.014256,0.061604
25.9,insertion,0.608861,0.015,-0.310855,0.349066,0.095805,0.524791,0.015001,0.058161,0.014006,0.061839
25.95,insertion,0.608861,0.015,-0.310855,0.349066,0.096055,0.524705,0.015001,0.057926,0.013756,0.062074
26.0,insertion,0.608861,0.015,-0.310855,0.349066,0.096306,0.52462,0.015001,0.057691,0.013506,0.062309
26.05,insertion,0.608861,0.015,-0.310855,0.349066,0.096556,0.524534,0.015001,0.057456,0.013255,0.062544
26.1,insertion,0.608861,0.015,-0.310855,0.349066,0.096806,0.524449,0.015001,0.057221,0.013005,0.062779
26.15,insertion,0.608861,0.015,-0.310855,0.349066,0.097056,0.524363,0.015001,0.056986,0.012755,0.063014
26.2,insertion,0.608861,0.015,-0.310855,0.349066,0.097306,0.524278,0.015001,0.056751,0.012505,0.063249
26.25,insertion,0.608861,0.015,-0.310855,0.349066,0.097556,0.524192,0.015001,0.056516,0.012255,0.063484
26.3,insertion,0.608861,0.015,-0.310855,0.349066,0.097806,0.524107,0.015001,0.056281,0.012005,0.063719
26.35,insertion,0.608861,0.015,-0.310855,0.349066,0.098057,0.524021,0.015001,0.056045,0.011755,0.063955
26.4,insertion,0.608861,0.015,-0.310855,0.349066,0.098307,0.523936,0.015001,0.05581,0.011504,0.06419
26.45,insertion,0.608861,0.015,-0.310855,0.349066,0.098557,0.52385,0.015001,0.055575,0.011254,0.064425
26.5,insertion,0.608861,0.015,-0.310855,0.349066,0.098807,0.523764,0.015001,0.05534,0.011004,0.06466
26.55,insertion,0.608861,0.015,-0.310855,0.349066,0.099057,0.523679,0.015001,0.055105,0.010754,0.064895
26.6,insertion,0.608861,0.015,-0.310855,0.349066,0.099307,0.523593,0.015001,0.05487,0.010504,0.06513
26.65,insertion,0.608861,0.015,-0.310855,0.349066,0.099557,0.523508,0.015001,0.054635,0.010254,0.065365
26.7,insertion,0.608861,0.015,-0.310855,0.349066,0.099808,0.523422,0.015001,0.0544,0.010004,0.0656
26.75,insertion,0.608861,0.015,-0.310855,0.349066,0.100058,0.523337,0.015001,0.054165,0.009753,0.065835
26.8,insertion,0.608861,0.015,-0.310855,0.349066,0.100308,0.523251,0.015001,0.05393,0.009503,0.06607
26.85,insertion,0.608861,0.015,-0.310855,0.349066,0.100558,0.523166,0.015001,0.053695,0.009253,0.066305
26.9,insertion,0.608861,0.015,-0.310855,0.349066,0.100808,0.52308,0.015001,0.05346,0.009003,0.06654
26.95,insertion,0.608861,0.015,-0.310855,0.349066,0.101058,0.522994,0.015001,0.053225,0.008753,0.066775
27.0,insertion,0.608861,0.015,-0.310855,0.349066,0.101308,0.522909,0.015001,0.05299,0.008503,0.06701
27.05,insertion,0.608861,0.015,-0.310855,0.349066,0.101559,0.522823,0.015001,0.052755,0.008253,0.067245
27.1,insertion,0.608861,0.015,-0.310855,0.349066,0.101809,0.522738,0.015001,0.05252,0.008002,0.06748
27.15,insertion,0.608861,0.015,-0.310855,0.349066,0.102059,0.522652,0.015001,0.052285,0.007752,0.067715
27.2,insertion,0.608861,0.015,-0.310855,0.349066,0.102309,0.522567,0.015001,0.052049,0.007502,0.067951
27.25,insertion,0.608861,0.015,-0.310855,0.349066,0.102559,0.522481,0.015001,0.051814,0.007252,0.068186
27.3,insertion,0.608861,0.015,-0.310855,0.349066,0.102809,0.522396,0.015001,0.051579,0.007002,0.068421
27.35,insertion,0.608861,0.015,-0.310855,0.349066,0.103059,0.52231,0.015001,0.051344,0.006752,0.068656
27.4,insertion,0.608861,0.015,-0.310855,0.349066,0.10331,0.522224,0.015001,0.051109,0.006502,0.068891
27.45,insertion,0.608861,0.015,-0.310855,0.349066,0.10356,0.522139,0.015001,0.050874,0.006251,0.069126
27.5,insertion,0.608861,0.015,-0.310855,0.349066,0.10381,0.522053,0.015001,0.050639,0.006001,0.069361
27.55,insertion,0.608861,0.015,-0.310855,0.349066,0.10406,0.521968,0.015001,0.050404,0.005751,0.069596
27.6,insertion,0.608861,0.015,-0.310855,0.349066,0.10431,0.521882,0.015001,0.050169,0.005501,0.069831
27.65,insertion,0.608861,0.015,-0.310855,0.349066,0.10456,0.521797,0.015001,0.049934,0.005251,0.070066
27.7,insertion,0.608861,0.015,-0.310855,0.349066,0.10481,0.521711,0.015001,0.049699,0.005001,0.070301
27.75,insertion,0.608861,0.015,-0.310855,0.349066,0.105061,0.521626,0.015001,0.049464,0.004751,0.070536
27.8,insertion,0.608861,0.015,-0.310855,0.349066,0.105311,0.52154,0.015001,0.049229,0.0045,0.070771
27.85,insertion,0.608861,0.015,-0.310855,0.349066,0.105561,0.521454,0.015001,0.048994,0.00425,0.071006
27.9,insertion,0.608861,0.015,-0.310855,0.349066,0.105811,0.521369,0.015001,0.048759,0.004,0.071241
27.95,insertion,0.608861,0.015,-0.310855,0.349066,0.106061,0.521283,0.015001,0.048524,0.00375,0.071476
28.0,insertion,0.608861,0.015,-0.310855,0.349066,0.106311,0.521198,0.015001,0.048289,0.0035,0.071711
28.05,insertion,0.608861,0.015,-0.310855,0.349066,0.106561,0.521112,0.015001,0.048053,0.00325,0.071947
28.1,insertion,0.608861,0.015,-0.310855,0.349066,0.106812,0.521027,0.015001,0.047818,0.003,0.072182
28.15,insertion,0.608861,0.015,-0.310855,0.349066,0.107062,0.520941,0.015001,0.047583,0.002749,0.072417
28.2,insertion,0.608861,0.015,-0.310855,0.349066,0.107312,0.520856,0.015001,0.047348,0.002499,0.072652
28.25,insertion,0.608861,0.015,-0.310855,0.349066,0.107562,0.52077,0.015001,0.047113,0.002249,0.072887
28.3,insertion,0.608861,0.015,-0.310855,0.349066,0.107812,0.520684,0.015001,0.046878,0.001999,0.073122
28.35,insertion,0.608861,0.015,-0.310855,0.349066,0.108062,0.520599,0.015001,0.046643,0.001749,0.073357
28.4,insertion,0.608861,0.015,-0.310855,0.349066,0.108312,0.520513,0.015001,0.046408,0.001499,0.073592
28.45,insertion,0.608861,0.015,-0.310855,0.349066,0.108563,0.520428,0.015001,0.046173,0.001249,0.073827
28.5,insertion,0.608861,0.015,-0.310855,0.349066,0.108813,0.520342,0.015001,0.045938,0.000998,0.074062
28.55,insertion,0.608861,0.015,-0.310855,0.349066,0.109063,0.520257,0.015001,0.045703,0.000748,0.074297
28.6,insertion,0.608861,0.015,-0.310855,0.349066,0.109313,0.520171,0.015001,0.045468,0.000498,0.074532
28.65,insertion,0.608861,0.015,-0.310855,0.349066,0.109563,0.520086,0.015001,0.045233,0.000248,0.074767
28.7,insertion,0.608861,0.015,-0.310855,0.349066,0.109813,0.52,0.015001,0.044998,2e-06,0.075002
28.75,dwell,0.608861,0.015,-0.310855,0.349066,0.109813,0.52,0.015001,0.044998,2e-06,0.075002
28.8,dwell,0.608861,0.015,-0.310855,0.349066,0.109813,0.52,0.015001,0.044998,2e-06,0.075002
28.85,dwell,0.608861,0.015,-0.310855,0.349066,0.109813,0.52,0.015001,0.044998,2e-06,0.075002
28.9,dwell,0.608861,0.015,-0.310855,0.349066,0.109813,0.52,0.015001,0.044998,2e-06,0.075002
28.95,dwell,0.608861,0.015,-0.310855,0.349066,0.109813,0.52,0.015001,0.044998,2e-06,0.075002
29.0,dwell,0.608861,0.015,-0.310855,0.349066,0.109813,0.52,0.015001,0.044998,2e-06,0.075002
29.05,dwell,0.608861,0.015,-0.310855,0.349066,0.109813,0.52,0.015001,0.044998,2e-06,0.075002
29.1,dwell,0.608861,0.015,-0.310855,0.349066,0.109813,0.52,0.015001,0.044998,2e-06,0.075002
29.15,dwell,0.608861,0.015,-0.310855,0.349066,0.109813,0.52,0.015001,0.044998,2e-06,0.075002
29.2,dwell,0.608861,0.015,-0.310855,0.349066,0.109813,0.52,0.015001,0.044998,2e-06,0.075002
29.25,dwell,0.608861,0.015,-0.310855,0.349066,0.109813,0.52,0.015001,0.044998,2e-06,0.075002
29.3,dwell,0.608861,0.015,-0.310855,0.349066,0.109813,0.52,0.015001,0.044998,2e-06,0.075002
29.35,dwell,0.608861,0.015,-0.310855,0.349066,0.109813,0.52,0.015001,0.044998,2e-06,0.075002
29.4,dwell,0.608861,0.015,-0.310855,0.349066,0.109813,0.52,0.015001,0.044998,2e-06,0.075002
29.45,dwell,0.608861,0.015,-0.310855,0.349066,0.109813,0.52,0.015001,0.044998,2e-06,0.075002
29.5,dwell,0.608861,0.015,-0.310855,0.349066,0.109813,0.52,0.015001,0.044998,2e-06,0.075002
29.55,dwell,0.608861,0.015,-0.310855,0.349066,0.109813,0.52,0.015001,0.044998,2e-06,0.075002
29.6,dwell,0.608861,0.015,-0.310855,0.349066,0.109813,0.52,0.015001,0.044998,2e-06,0.075002
29.65,dwell,0.608861,0.015,-0.310855,0.349066,0.109813,0.52,0.015001,0.044998,2e-06,0.075002
29.7,dwell,0.608861,0.015,-0.310855,0.349066,0.109813,0.52,0.015001,0.044998,2e-06,0.075002
29.75,dwell,0.608861,0.015,-0.310855,0.349066,0.109813,0.52,0.015001,0.044998,2e-06,0.075002
29.8,dwell,0.608861,0.015,-0.310855,0.349066,0.109813,0.52,0.015001,0.044998,2e-06,0.075002
29.85,dwell,0.608861,0.015,-0.310855,0.349066,0.109813,0.52,0.015001,0.044998,2e-06,0.075002
29.9,dwell,0.608861,0.015,-0.310855,0.349066,0.109813,0.52,0.015001,0.044998,2e-06,0.075002
29.95,dwell,0.608861,0.015,-0.310855,0.349066,0.109813,0.52,0.015001,0.044998,2e-06,0.075002
30.0,dwell,0.608861,0.015,-0.310855,0.349066,0.109813,0.52,0.015001,0.044998,2e-06,0.075002
30.05,dwell,0.608861,0.015,-0.310855,0.349066,0.109813,0.52,0.015001,0.044998,2e-06,0.075002
30.1,dwell,0.608861,0.015,-0.310855,0.349066,0.109813,0.52,0.015001,0.044998,2e-06,0.075002
30.15,dwell,0.608861,0.015,-0.310855,0.349066,0.109813,0.52,0.015001,0.044998,2e-06,0.075002
30.2,dwell,0.608861,0.015,-0.310855,0.349066,0.109813,0.52,0.015001,0.044998,2e-06,0.075002
30.25,retraction,0.608861,0.015,-0.310855,0.349066,0.109314,0.520171,0.015001,0.045467,0.000497,0.074533
30.3,retraction,0.608861,0.015,-0.310855,0.349066,0.108815,0.520341,0.015001,0.045936,0.000996,0.074064
30.35,retraction,0.608861,0.015,-0.310855,0.349066,0.108316,0.520512,0.015001,0.046405,0.001495,0.073595
30.4,retraction,0.608861,0.015,-0.310855,0.349066,0.107817,0.520683,0.015001,0.046874,0.001994,0.073126
30.45,retraction,0.608861,0.015,-0.310855,0.349066,0.107318,0.520854,0.015001,0.047343,0.002494,0.072657
30.5,retraction,0.608861,0.015,-0.310855,0.349066,0.106818,0.521024,0.015001,0.047812,0.002993,0.072188
30.55,retraction,0.608861,0.015,-0.310855,0.349066,0.106319,0.521195,0.015001,0.048281,0.003492,0.071719
30.6,retraction,0.608861,0.015,-0.310855,0.349066,0.10582,0.521366,0.015001,0.04875,0.003991,0.07125
30.65,retraction,0.608861,0.015,-0.310855,0.349066,0.105321,0.521536,0.015001,0.049219,0.00449,0.070781
30.7,retraction,0.608861,0.015,-0.310855,0.349066,0.104822,0.521707,0.015001,0.049688,0.004989,0.070312
30.75,retraction,0.608861,0.015,-0.310855,0.349066,0.104323,0.521878,0.015001,0.050157,0.005489,0.069843
30.8,retraction,0.608861,0.015,-0.310855,0.349066,0.103824,0.522049,0.015001,0.050626,0.005988,0.069374
30.85,retraction,0.608861,0.015,-0.310855,0.349066,0.103324,0.522219,0.015001,0.051095,0.006487,0.068905
30.9,retraction,0.608861,0.015,-0.310855,0.349066,0.102825,0.52239,0.015001,0.051564,0.006986,0.068436
30.95,retraction,0.608861,0.015,-0.310855,0.349066,0.102326,0.522561,0.015001,0.052033,0.007485,0.067967
31.0,retraction,0.608861,0.015,-0.310855,0.349066,0.101827,0.522732,0.015001,0.052502,0.007984,0.067498
31.05,retraction,0.608861,0.015,-0.310855,0.349066,0.101328,0.522902,0.015001,0.052972,0.008483,0.067028
31.1,retraction,0.608861,0.015,-0.310855,0.349066,0.100829,0.523073,0.015001,0.053441,0.008983,0.066559
31.15,retraction,0.608861,0.015,-0.310855,0.349066,0.100329,0.523244,0.015001,0.05391,0.009482,0.06609
31.2,retraction,0.608861,0.015,-0.310855,0.349066,0.09983,0.523414,0.015001,0.054379,0.009981,0.065621
31.25,retraction,0.608861,0.015,-0.310855,0.349066,0.099331,0.523585,0.015001,0.054848,0.01048,0.065152
31.3,retraction,0.608861,0.015,-0.310855,0.349066,0.098832,0.523756,0.015001,0.055317,0.010979,0.064683
31.35,retraction,0.608861,0.015,-0.310855,0.349066,0.098333,0.523927,0.015001,0.055786,0.011478,0.064214
31.4,retraction,0.608861,0.015,-0.310855,0.349066,0.097834,0.524097,0.015001,0.056255,0.011977,0.063745
31.45,retraction,0.608861,0.015,-0.310855,0.349066,0.097335,0.524268,0.015001,0.056724,0.012477,0.063276
31.5,retraction,0.608861,0.015,-0.310855,0.349066,0.096835,0.524439,0.015001,0.057193,0.012976,0.062807
31.55,retraction,0.608861,0.015,-0.310855,0.349066,0.096336,0.524609,0.015001,0.057662,0.013475,0.062338
31.6,retraction,0.608861,0.015,-0.310855,0.349066,0.095837,0.52478,0.015001,0.058131,0.013974,0.061869
31.65,retraction,0.608861,0.015,-0.310855,0.349066,0.095338,0.524951,0.015001,0.0586,0.014473,0.0614
31.7,retraction,0.608861,0.015,-0.310855,0.349066,0.094839,0.525122,0.015001,0.059069,0.014972,0.060931
31.75,retraction,0.608861,0.015,-0.310855,0.349066,0.09434,0.525292,0.015001,0.059538,0.015472,0.060462
31.8,retraction,0.608861,0.015,-0.310855,0.349066,0.09384,0.525463,0.015001,0.060007,0.015971,0.059993
31.85,retraction,0.608861,0.015,-0.310855,0.349066,0.093341,0.525634,0.015001,0.060476,0.01647,0.059524
31.9,retraction,0.608861,0.015,-0.310855,0.349066,0.092842,0.525804,0.015001,0.060945,0.016969,0.059055
31.95,retraction,0.608861,0.015,-0.310855,0.349066,0.092343,0.525975,0.015001,0.061414,0.017468,0.058586
32.0,retraction,0.608861,0.015,-0.310855,0.349066,0.091844,0.526146,0.015001,0.061883,0.017967,0.058117
32.05,retraction,0.608861,0.015,-0.310855,0.349066,0.091345,0.526317,0.015001,0.062353,0.018466,0.057647
32.1,retraction,0.608861,0.015,-0.310855,0.349066,0.090846,0.526487,0.015001,0.062822,0.018966,0.057178
32.15,retraction,0.608861,0.015,-0.310855,0.349066,0.090346,0.526658,0.015001,0.063291,0.019465,0.056709
32.2,retraction,0.608861,0.015,-0.310855,0.349066,0.089847,0.526829,0.015001,0.06376,0.019964,0.05624
32.25,retraction,0.608861,0.015,-0.310855,0.349066,0.089348,0.527,0.015001,0.064229,0.020463,0.055771
32.3,retraction,0.608861,0.015,-0.310855,0.349066,0.088849,0.52717,0.015001,0.064698,0.020962,0.055302
32.35,retraction,0.608861,0.015,-0.310855,0.349066,0.08835,0.527341,0.015001,0.065167,0.021461,0.054833
32.4,retraction,0.608861,0.015,-0.310855,0.349066,0.087851,0.527512,0.015001,0.065636,0.021961,0.054364
32.45,retraction,0.608861,0.015,-0.310855,0.349066,0.087352,0.527682,0.015001,0.066105,0.02246,0.053895
32.5,retraction,0.608861,0.015,-0.310855,0.349066,0.086852,0.527853,0.015001,0.066574,0.022959,0.053426
32.55,retraction,0.608861,0.015,-0.310855,0.349066,0.086353,0.528024,0.015001,0.067043,0.023458,0.052957
32.6,retraction,0.608861,0.015,-0.310855,0.349066,0.085854,0.528195,0.015001,0.067512,0.023957,0.052488
32.65,retraction,0.608861,0.015,-0.310855,0.349066,0.085355,0.528365,0.015001,0.067981,0.024456,0.052019
32.7,retraction,0.608861,0.015,-0.310855,0.349066,0.084856,0.528536,0.015001,0.06845,0.024955,0.05155
32.75,retraction,0.608861,0.015,-0.310855,0.349066,0.084357,0.528707,0.015001,0.068919,0.025455,0.051081
32.8,retraction,0.608861,0.015,-0.310855,0.349066,0.083857,0.528877,0.015001,0.069388,0.025954,0.050612
32.85,retraction,0.608861,0.015,-0.310855,0.349066,0.083358,0.529048,0.015001,0.069857,0.026453,0.050143
32.9,retraction,0.608861,0.015,-0.310855,0.349066,0.082859,0.529219,0.015001,0.070326,0.026952,0.049674
32.95,retraction,0.608861,0.015,-0.310855,0.349066,0.08236,0.52939,0.015001,0.070795,0.027451,0.049205
33.0,retraction,0.608861,0.015,-0.310855,0.349066,0.081861,0.52956,0.015001,0.071264,0.02795,0.048736
33.05,retraction,0.608861,0.015,-0.310855,0.349066,0.081362,0.529731,0.015001,0.071734,0.028449,0.048266
33.1,retraction,0.608861,0.015,-0.310855,0.349066,0.080863,0.529902,0.015001,0.072203,0.028949,0.047797
33.15,retraction,0.608861,0.015,-0.310855,0.349066,0.080363,0.530072,0.015001,0.072672,0.029448,0.047328
33.2,retraction,0.608861,0.015,-0.310855,0.349066,0.079864,0.530243,0.015001,0.073141,0.029947,0.046859
33.25,retraction,0.608861,0.015,-0.310855,0.349066,0.079365,0.530414,0.015001,0.07361,0.030446,0.04639
33.3,retraction,0.608861,0.015,-0.310855,0.349066,0.078866,0.530585,0.015001,0.074079,0.030945,0.045921
33.35,retraction,0.608861,0.015,-0.310855,0.349066,0.078367,0.530755,0.015001,0.074548,0.031444,0.045452
33.4,retraction,0.608861,0.015,-0.310855,0.349066,0.077868,0.530926,0.015001,0.075017,0.031944,0.044983
33.45,retraction,0.608861,0.015,-0.310855,0.349066,0.077368,0.531097,0.015001,0.075486,0.032443,0.044514
33.5,retraction,0.608861,0.015,-0.310855,0.349066,0.076869,0.531268,0.015001,0.075955,0.032942,0.044045
33.55,retraction,0.608861,0.015,-0.310855,0.349066,0.07637,0.531438,0.015001,0.076424,0.033441,0.043576
33.6,retraction,0.608861,0.015,-0.310855,0.349066,0.075871,0.531609,0.015001,0.076893,0.03394,0.043107
33.65,retraction,0.608861,0.015,-0.310855,0.349066,0.075372,0.53178,0.015001,0.077362,0.034439,0.042638
33.7,retraction,0.608861,0.015,-0.310855,0.349066,0.074873,0.53195,0.015001,0.077831,0.034938,0.042169
33.75,retraction,0.608861,0.015,-0.310855,0.349066,0.074374,0.532121,0.015001,0.0783,0.035438,0.0417
33.8,retraction,0.608861,0.015,-0.310855,0.349066,0.073874,0.532292,0.015001,0.078769,0.035937,0.041231
33.85,retraction,0.608861,0.015,-0.310855,0.349066,0.073375,0.532463,0.015001,0.079238,0.036436,0.040762
33.9,retraction,0.608861,0.015,-0.310855,0.349066,0.072876,0.532633,0.015001,0.079707,0.036935,0.040293
33.95,retraction,0.608861,0.015,-0.310855,0.349066,0.072377,0.532804,0.015001,0.080176,0.037434,0.039824
34.0,retraction,0.608861,0.015,-0.310855,0.349066,0.071878,0.532975,0.015001,0.080645,0.037933,0.039355
34.05,retraction,0.608861,0.015,-0.310855,0.349066,0.071379,0.533145,0.015001,0.081114,0.038433,0.038886
34.1,retraction,0.608861,0.015,-0.310855,0.349066,0.07088,0.533316,0.015001,0.081584,0.038932,0.038416
34.15,retraction,0.608861,0.015,-0.310855,0.349066,0.07038,0.533487,0.015001,0.082053,0.039431,0.037947
34.2,retraction,0.608861,0.015,-0.310855,0.349066,0.069881,0.533658,0.015001,0.082522,0.03993,0.037478
34.25,retraction,0.608861,0.015,-0.310855,0.349066,0.069382,0.533828,0.015001,0.082991,0.040429,0.037009
34.3,retraction,0.608861,0.015,-0.310855,0.349066,0.068883,0.533999,0.015001,0.08346,0.040928,0.03654
34.35,retraction,0.608861,0.015,-0.310855,0.349066,0.068384,0.53417,0.015001,0.083929,0.041427,0.036071
34.4,retraction,0.608861,0.015,-0.310855,0.349066,0.067885,0.53434,0.015001,0.084398,0.041927,0.035602
34.45,retraction,0.608861,0.015,-0.310855,0.349066,0.067385,0.534511,0.015001,0.084867,0.042426,0.035133
34.5,retraction,0.608861,0.015,-0.310855,0.349066,0.066886,0.534682,0.015001,0.085336,0.042925,0.034664
34.55,retraction,0.608861,0.015,-0.310855,0.349066,0.066387,0.534853,0.015001,0.085805,0.043424,0.034195
34.6,retraction,0.608861,0.015,-0.310855,0.349066,0.065888,0.535023,0.015001,0.086274,0.043923,0.033726
34.65,retraction,0.608861,0.015,-0.310855,0.349066,0.065389,0.535194,0.015001,0.086743,0.044422,0.033257
34.7,retraction,0.608861,0.015,-0.310855,0.349066,0.06489,0.535365,0.015001,0.087212,0.044921,0.032788
34.75,retraction,0.608861,0.015,-0.310855,0.349066,0.064391,0.535536,0.015001,0.087681,0.045421,0.032319
34.8,retraction,0.608861,0.015,-0.310855,0.349066,0.063891,0.535706,0.015001,0.08815,0.04592,0.03185
34.85,retraction,0.608861,0.015,-0.310855,0.349066,0.063392,0.535877,0.015001,0.088619,0.046419,0.031381
34.9,retraction,0.608861,0.015,-0.310855,0.349066,0.062893,0.536048,0.015001,0.089088,0.046918,0.030912
34.95,retraction,0.608861,0.015,-0.310855,0.349066,0.062394,0.536218,0.015001,0.089557,0.047417,0.030443
35.0,retraction,0.608861,0.015,-0.310855,0.349066,0.061895,0.536389,0.015001,0.090026,0.047916,0.029974
35.05,retraction,0.608861,0.015,-0.310855,0.349066,0.061396,0.53656,0.015,0.090495,0.048416,0.029505
35.1,retraction,0.608861,0.015,-0.310855,0.349066,0.060896,0.536731,0.015,0.090965,0.048915,0.029035
35.15,retraction,0.608861,0.015,-0.310855,0.349066,0.060397,0.536901,0.015,0.091434,0.049414,0.028566
35.2,retraction,0.608861,0.015,-0.310855,0.349066,0.059898,0.537072,0.015,0.091903,0.049913,0.028097
35.25,retraction,0.608861,0.015,-0.310855,0.349066,0.059399,0.537243,0.015,0.092372,0.050412,0.027628
35.3,retraction,0.608861,0.015,-0.310855,0.349066,0.0589,0.537413,0.015,0.092841,0.050911,0.027159
35.35,retraction,0.608861,0.015,-0.310855,0.349066,0.058401,0.537584,0.015,0.09331,0.05141,0.02669
35.4,retraction,0.608861,0.015,-0.310855,0.349066,0.057902,0.537755,0.015,0.093779,0.05191,0.026221
35.45,retraction,0.608861,0.015,-0.310855,0.349066,0.057402,0.537926,0.015,0.094248,0.052409,0.025752
35.5,retraction,0.608861,0.015,-0.310855,0.349066,0.056903,0.538096,0.015,0.094717,0.052908,0.025283
35.55,retraction,0.608861,0.015,-0.310855,0.349066,0.056404,0.538267,0.015,0.095186,0.053407,0.024814
35.6,retraction,0.608861,0.015,-0.310855,0.349066,0.055905,0.538438,0.015,0.095655,0.053906,0.024345
35.65,retraction,0.608861,0.015,-0.310855,0.349066,0.055406,0.538608,0.015,0.096124,0.054405,0.023876
35.7,retraction,0.608861,0.015,-0.310855,0.349066,0.054907,0.538779,0.015,0.096593,0.054905,0.023407
35.75,retraction,0.608861,0.015,-0.310855,0.349066,0.054408,0.53895,0.015,0.097062,0.055404,0.022938
35.8,retraction,0.608861,0.015,-0.310855,0.349066,0.053908,0.539121,0.015,0.097531,0.055903,0.022469
35.85,retraction,0.608861,0.015,-0.310855,0.349066,0.053409,0.539291,0.015,0.098,0.056402,0.022
35.9,retraction,0.608861,0.015,-0.310855,0.349066,0.05291,0.539462,0.015,0.098469,0.056901,0.021531
35.95,retraction,0.608861,0.015,-0.310855,0.349066,0.052411,0.539633,0.015,0.098938,0.0574,0.021062
36.0,retraction,0.608861,0.015,-0.310855,0.349066,0.051912,0.539804,0.015,0.099407,0.057899,0.020593
36.05,retraction,0.608861,0.015,-0.310855,0.349066,0.051413,0.539974,0.015,0.099876,0.058399,0.020124
36.1,retraction,0.608861,0.015,-0.310855,0.349066,0.050913,0.540145,0.015,0.100345,0.058898,0.019655
36.15,retraction,0.608861,0.015,-0.310855,0.349066,0.050414,0.540316,0.015,0.100815,0.059397,0.019185
36.2,retraction,0.608861,0.015,-0.310855,0.349066,0.049915,0.540486,0.015,0.101284,0.059896,0.018716
36.25,retraction,0.608861,0.015,-0.310855,0.349066,0.049416,0.540657,0.015,0.101753,0.060395,0.018247
36.3,retraction,0.608861,0.015,-0.310855,0.349066,0.048917,0.540828,0.015,0.102222,0.060894,0.017778
36.35,retraction,0.608861,0.015,-0.310855,0.349066,0.048418,0.540999,0.015,0.102691,0.061393,0.017309
36.4,retraction,0.608861,0.015,-0.310855,0.349066,0.047919,0.541169,0.015,0.10316,0.061893,0.01684
36.45,retraction,0.608861,0.015,-0.310855,0.349066,0.047419,0.54134,0.015,0.103629,0.062392,0.016371
36.5,retraction,0.608861,0.015,-0.310855,0.349066,0.04692,0.541511,0.015,0.104098,0.062891,0.015902
36.55,retraction,0.608861,0.015,-0.310855,0.349066,0.046421,0.541681,0.015,0.104567,0.06339,0.015433
36.6,retraction,0.608861,0.015,-0.310855,0.349066,0.045922,0.541852,0.015,0.105036,0.063889,0.014964
36.65,retraction,0.608861,0.015,-0.310855,0.349066,0.045423,0.542023,0.015,0.105505,0.064388,0.014495
36.7,retraction,0.608861,0.015,-0.310855,0.349066,0.044924,0.542194,0.015,0.105974,0.064888,0.014026
36.75,retraction,0.608861,0.015,-0.310855,0.349066,0.044424,0.542364,0.015,0.106443,0.065387,0.013557
36.8,retraction,0.608861,0.015,-0.310855,0.349066,0.043925,0.542535,0.015,0.106912,0.065886,0.013088
36.85,retraction,0.608861,0.015,-0.310855,0.349066,0.043426,0.542706,0.015,0.107381,0.066385,0.012619
36.9,retraction,0.608861,0.015,-0.310855,0.349066,0.042927,0.542876,0.015,0.10785,0.066884,0.01215
36.95,retraction,0.608861,0.015,-0.310855,0.349066,0.042428,0.543047,0.015,0.108319,0.067383,0.011681
37.0,retraction,0.608861,0.015,-0.310855,0.349066,0.041929,0.543218,0.015,0.108788,0.067882,0.011212
37.05,retraction,0.608861,0.015,-0.310855,0.349066,0.04143,0.543389,0.015,0.109257,0.068382,0.010743
37.1,retraction,0.608861,0.015,-0.310855,0.349066,0.04093,0.543559,0.015,0.109726,0.068881,0.010274
37.15,retraction,0.608861,0.015,-0.310855,0.349066,0.040431,0.54373,0.015,0.110196,0.06938,0.009804
37.2,retraction,0.608861,0.015,-0.310855,0.349066,0.039932,0.543901,0.015,0.110665,0.069879,0.009335
37.25,retraction,0.608861,0.015,-0.310855,0.349066,0.039433,0.544072,0.015,0.111134,0.070378,0.008866
37.3,retraction,0.608861,0.015,-0.310855,0.349066,0.038934,0.544242,0.015,0.111603,0.070877,0.008397
37.35,retraction,0.608861,0.015,-0.310855,0.349066,0.038435,0.544413,0.015,0.112072,0.071377,0.007928
37.4,retraction,0.608861,0.015,-0.310855,0.349066,0.037936,0.544584,0.015,0.112541,0.071876,0.007459
37.45,retraction,0.608861,0.015,-0.310855,0.349066,0.037436,0.544754,0.015,0.11301,0.072375,0.00699
37.5,retraction,0.608861,0.015,-0.310855,0.349066,0.036937,0.544925,0.015,0.113479,0.072874,0.006521
37.55,retraction,0.608861,0.015,-0.310855,0.349066,0.036438,0.545096,0.015,0.113948,0.073373,0.006052
37.6,retraction,0.608861,0.015,-0.310855,0.349066,0.035939,0.545267,0.015,0.114417,0.073872,0.005583
37.65,retraction,0.608861,0.015,-0.310855,0.349066,0.03544,0.545437,0.015,0.114886,0.074371,0.005114
37.7,retraction,0.608861,0.015,-0.310855,0.349066,0.034941,0.545608,0.015,0.115355,0.074871,0.004645
37.75,retraction,0.608861,0.015,-0.310855,0.349066,0.034441,0.545779,0.015,0.115824,0.07537,0.004176
37.8,retraction,0.608861,0.015,-0.310855,0.349066,0.033942,0.545949,0.015,0.116293,0.075869,0.003707
37.85,retraction,0.608861,0.015,-0.310855,0.349066,0.033443,0.54612,0.015,0.116762,0.076368,0.003238
37.9,retraction,0.608861,0.015,-0.310855,0.349066,0.032944,0.546291,0.015,0.117231,0.076867,0.002769
37.95,retraction,0.608861,0.015,-0.310855,0.349066,0.032445,0.546462,0.015,0.1177,0.077366,0.0023
38.0,retraction,0.608861,0.015,-0.310855,0.349066,0.031946,0.546632,0.015,0.118169,0.077865,0.001831
38.05,retraction,0.608861,0.015,-0.310855,0.349066,0.031447,0.546803,0.015,0.118638,0.078365,0.001362
38.1,retraction,0.608861,0.015,-0.310855,0.349066,0.030947,0.546974,0.015,0.119107,0.078864,0.000893
38.15,retraction,0.608861,0.015,-0.310855,0.349066,0.030448,0.547144,0.015,0.119576,0.079363,0.000424
38.2,retraction,0.608861,0.015,-0.310855,0.349066,0.029949,0.547315,0.015,0.120046,0.079862,-4.6e-05
38.25,retraction,0.608861,0.015,-0.310855,0.349066,0.02945,0.547486,0.015,0.120515,0.080361,-0.000515
38.3,retraction,0.608861,0.015,-0.310855,0.349066,0.028951,0.547657,0.015,0.120984,0.08086,-0.000984
38.35,retraction,0.608861,0.015,-0.310855,0.349066,0.028452,0.547827,0.015,0.121453,0.08136,-0.001453
38.4,retraction,0.608861,0.015,-0.310855,0.349066,0.027952,0.547998,0.015,0.121922,0.081859,-0.001922
38.45,retraction,0.608861,0.015,-0.310855,0.349066,0.027453,0.548169,0.015,0.122391,0.082358,-0.002391
38.5,retraction,0.608861,0.015,-0.310855,0.349066,0.026954,0.548339,0.015,0.12286,0.082857,-0.00286
38.55,retraction,0.608861,0.015,-0.310855,0.349066,0.026455,0.54851,0.015,0.123329,0.083356,-0.003329
38.6,retraction,0.608861,0.015,-0.310855,0.349066,0.025956,0.548681,0.015,0.123798,0.083855,-0.003798
38.65,retraction,0.608861,0.015,-0.310855,0.349066,0.025457,0.548852,0.015,0.124267,0.084354,-0.004267
38.7,retraction,0.608861,0.015,-0.310855,0.349066,0.024958,0.549022,0.015,0.124736,0.084854,-0.004736
38.75,retraction,0.608861,0.015,-0.310855,0.349066,0.024458,0.549193,0.015,0.125205,0.085353,-0.005205
38.8,retraction,0.608861,0.015,-0.310855,0.349066,0.023959,0.549364,0.015,0.125674,0.085852,-0.005674
38.85,retraction,0.608861,0.015,-0.310855,0.349066,0.02346,0.549535,0.015,0.126143,0.086351,-0.006143
38.9,retraction,0.608861,0.015,-0.310855,0.349066,0.022961,0.549705,0.015,0.126612,0.08685,-0.006612
38.95,retraction,0.608861,0.015,-0.310855,0.349066,0.022462,0.549876,0.015,0.127081,0.087349,-0.007081
39.0,retraction,0.608861,0.015,-0.310855,0.349066,0.021963,0.550047,0.015,0.12755,0.087849,-0.00755
39.05,retraction,0.608861,0.015,-0.310855,0.349066,0.021464,0.550217,0.015,0.128019,0.088348,-0.008019
39.1,retraction,0.608861,0.015,-0.310855,0.349066,0.020964,0.550388,0.015,0.128488,0.088847,-0.008488
39.15,retraction,0.608861,0.015,-0.310855,0.349066,0.020465,0.550559,0.015,0.128957,0.089346,-0.008957
39.2,retraction,0.608861,0.015,-0.310855,0.349066,0.019966,0.55073,0.015,0.129427,0.089845,-0.009427
39.25,retraction,0.608861,0.015,-0.310855,0.349066,0.019467,0.5509,0.015,0.129896,0.090344,-0.009896
39.3,retraction,0.608861,0.015,-0.310855,0.349066,0.018968,0.551071,0.015,0.130365,0.090843,-0.010365
39.35,retraction,0.608861,0.015,-0.310855,0.349066,0.018469,0.551242,0.015,0.130834,0.091343,-0.010834
39.4,retraction,0.608861,0.015,-0.310855,0.349066,0.017969,0.551412,0.015,0.131303,0.091842,-0.011303
39.45,retraction,0.608861,0.015,-0.310855,0.349066,0.01747,0.551583,0.015,0.131772,0.092341,-0.011772
39.5,retraction,0.608861,0.015,-0.310855,0.349066,0.016971,0.551754,0.015,0.132241,0.09284,-0.012241
39.55,retraction,0.608861,0.015,-0.310855,0.349066,0.016472,0.551925,0.015,0.13271,0.093339,-0.01271
39.6,retraction,0.608861,0.015,-0.310855,0.349066,0.015973,0.552095,0.015,0.133179,0.093838,-0.013179
39.65,retraction,0.608861,0.015,-0.310855,0.349066,0.015474,0.552266,0.015,0.133648,0.094337,-0.013648
39.7,retraction,0.608861,0.015,-0.310855,0.349066,0.014975,0.552437,0.015,0.134117,0.094837,-0.014117
39.75,retraction,0.608861,0.015,-0.310855,0.349066,0.014475,0.552607,0.015,0.134586,0.095336,-0.014586
39.8,retraction,0.608861,0.015,-0.310855,0.349066,0.013976,0.552778,0.015,0.135055,0.095835,-0.015055
39.85,retraction,0.608861,0.015,-0.310855,0.349066,0.013477,0.552949,0.015,0.135524,0.096334,-0.015524
39.9,retraction,0.608861,0.015,-0.310855,0.349066,0.012978,0.55312,0.015,0.135993,0.096833,-0.015993
39.95,retraction,0.608861,0.015,-0.310855,0.349066,0.012479,0.55329,0.015,0.136462,0.097332,-0.016462
40.0,retraction,0.608861,0.015,-0.310855,0.349066,0.01198,0.553461,0.015,0.136931,0.097832,-0.016931
40.05,retraction,0.608861,0.015,-0.310855,0.349066,0.01148,0.553632,0.015,0.1374,0.098331,-0.0174
40.1,retraction,0.608861,0.015,-0.310855,0.349066,0.010981,0.553803,0.015,0.137869,0.09883,-0.017869
40.15,retraction,0.608861,0.015,-0.310855,0.349066,0.010482,0.553973,0.015,0.138338,0.099329,-0.018338
40.2,retraction,0.608861,0.015,-0.310855,0.349066,0.009983,0.554144,0.015,0.138808,0.099828,-0.018808
40.25,retraction,0.608861,0.015,-0.310855,0.349066,0.009484,0.554315,0.015,0.139277,0.100327,-0.019277
40.3,retraction,0.608861,0.015,-0.310855,0.349066,0.008985,0.554485,0.015,0.139746,0.100826,-0.019746
40.35,retraction,0.608861,0.015,-0.310855,0.349066,0.008486,0.554656,0.015,0.140215,0.101326,-0.020215
40.4,retraction,0.608861,0.015,-0.310855,0.349066,0.007986,0.554827,0.015,0.140684,0.101825,-0.020684
40.45,retraction,0.608861,0.015,-0.310855,0.349066,0.007487,0.554998,0.015,0.141153,0.102324,-0.021153
40.5,retraction,0.608861,0.015,-0.310855,0.349066,0.006988,0.555168,0.015,0.141622,0.102823,-0.021622
40.55,retraction,0.608861,0.015,-0.310855,0.349066,0.006489,0.555339,0.015,0.142091,0.103322,-0.022091
40.6,retraction,0.608861,0.015,-0.310855,0.349066,0.00599,0.55551,0.015,0.14256,0.103821,-0.02256
40.65,retraction,0.608861,0.015,-0.310855,0.349066,0.005491,0.55568,0.015,0.143029,0.104321,-0.023029
40.7,retraction,0.608861,0.015,-0.310855,0.349066,0.004992,0.555851,0.015,0.143498,0.10482,-0.023498
40.75,retraction,0.608861,0.015,-0.310855,0.349066,0.004492,0.556022,0.015,0.143967,0.105319,-0.023967
40.8,retraction,0.608861,0.015,-0.310855,0.349066,0.003993,0.556193,0.015,0.144436,0.105818,-0.024436
40.85,retraction,0.608861,0.015,-0.310855,0.349066,0.003494,0.556363,0.015,0.144905,0.106317,-0.024905
40.9,retraction,0.608861,0.015,-0.310855,0.349066,0.002995,0.556534,0.015,0.145374,0.106816,-0.025374
40.95,retraction,0.608861,0.015,-0.310855,0.349066,0.002496,0.556705,0.015,0.145843,0.107315,-0.025843
41.0,retraction,0.608861,0.015,-0.310855,0.349066,0.001997,0.556875,0.015,0.146312,0.107815,-0.026312
41.05,retraction,0.608861,0.015,-0.310855,0.349066,0.001497,0.557046,0.015,0.146781,0.108314,-0.026781
41.1,retraction,0.608861,0.015,-0.310855,0.349066,0.000998,0.557217,0.015,0.14725,0.108813,-0.02725
41.15,retraction,0.608861,0.015,-0.310855,0.349066,0.000499,0.557388,0.015,0.147719,0.109312,-0.027719
41.2,retraction,0.608861,0.015,-0.310855,0.349066,0.0,0.557558,0.015,0.148188,0.109811,-0.028188
41.25,homing,0.608806,0.014998,-0.310827,0.349019,0.0,0.55751,0.014998,0.148215,0.109819,-0.028215
41.3,homing,0.60864,0.014992,-0.310741,0.348877,0.0,0.557364,0.014992,0.148293,0.109843,-0.028293
41.35,homing,0.608363,0.014982,-0.310599,0.348641,0.0,0.55712,0.014982,0.148424,0.109883,-0.028424
41.4,homing,0.607976,0.014968,-0.310399,0.34831,0.0,0.55678,0.014968,0.148606,0.109941,-0.028606
41.45,homing,0.607479,0.014949,-0.310142,0.347886,0.0,0.556342,0.014949,0.148841,0.110017,-0.028841
41.5,homing,0.606872,0.014927,-0.309829,0.347367,0.0,0.555808,0.014927,0.149128,0.110113,-0.029128
41.55,homing,0.606155,0.014901,-0.30946,0.346755,0.0,0.555178,0.014901,0.149466,0.11023,-0.029466
41.6,homing,0.605329,0.01487,-0.309034,0.34605,0.0,0.554451,0.01487,0.149856,0.110371,-0.029856
41.65,homing,0.604394,0.014836,-0.308551,0.345252,0.0,0.553629,0.014836,0.150298,0.110538,-0.030298
41.7,homing,0.603351,0.014798,-0.308014,0.344361,0.0,0.552712,0.014798,0.150791,0.110733,-0.030791
41.75,homing,0.6022,0.014756,-0.30742,0.343379,0.0,0.551699,0.014756,0.151334,0.110959,-0.031334
41.8,homing,0.600942,0.014709,-0.306771,0.342305,0.0,0.550593,0.014709,0.151929,0.11122,-0.031929
41.85,homing,0.599578,0.014659,-0.306068,0.34114,0.0,0.549393,0.014659,0.152574,0.111518,-0.032574
41.9,homing,0.598108,0.014605,-0.305309,0.339885,0.0,0.548101,0.014606,0.153269,0.111857,-0.033269
41.95,homing,0.596533,0.014548,-0.304497,0.33854,0.0,0.546716,0.014548,0.154014,0.112241,-0.034014
42.0,homing,0.594854,0.014486,-0.303631,0.337107,0.0,0.54524,0.014486,0.154809,0.112674,-0.034809
42.05,homing,0.593072,0.014421,-0.302712,0.335585,0.0,0.543673,0.014421,0.155653,0.113158,-0.035653
42.1,homing,0.591187,0.014352,-0.301741,0.333977,0.0,0.542017,0.014352,0.156545,0.113699,-0.036545
42.15,homing,0.589202,0.014279,-0.300717,0.332282,0.0,0.540272,0.014279,0.157486,0.1143,-0.037486
42.2,homing,0.587117,0.014202,-0.299641,0.330501,0.0,0.538439,0.014202,0.158475,0.114966,-0.038475
42.25,homing,0.584932,0.014122,-0.298515,0.328636,0.0,0.536519,0.014122,0.159511,0.115699,-0.039511
42.3,homing,0.58265,0.014038,-0.297338,0.326688,0.0,0.534514,0.014038,0.160593,0.116505,-0.040593
42.35,homing,0.580272,0.013951,-0.296111,0.324657,0.0,0.532424,0.013951,0.161723,0.117387,-0.041723
42.4,homing,0.577798,0.01386,-0.294835,0.322545,0.0,0.530251,0.01386,0.162898,0.118348,-0.042898
42.45,homing,0.57523,0.013766,-0.293511,0.320353,0.0,0.527995,0.013766,0.164118,0.119392,-0.044118
42.5,homing,0.57257,0.013669,-0.292139,0.318082,0.0,0.525658,0.013669,0.165383,0.120523,-0.045383
42.55,homing,0.569819,0.013568,-0.29072,0.315733,0.0,0.523242,0.013568,0.166692,0.121744,-0.046692
42.6,homing,0.566978,0.013463,-0.289255,0.313308,0.0,0.520747,0.013463,0.168045,0.123056,-0.048045
42.65,homing,0.564049,0.013356,-0.287745,0.310807,0.0,0.518175,0.013356,0.16944,0.124464,-0.04944
42.7,homing,0.561034,0.013245,-0.28619,0.308233,0.0,0.515527,0.013245,0.170877,0.125969,-0.050877
42.75,homing,0.557934,0.013132,-0.284591,0.305586,0.0,0.512806,0.013132,0.172356,0.127573,-0.052356
42.8,homing,0.55475,0.013015,-0.28295,0.302869,0.0,0.510012,0.013015,0.173876,0.129277,-0.053876
42.85,homing,0.551486,0.012895,-0.281266,0.300081,0.0,0.507146,0.012895,0.175435,0.131084,-0.055435
42.9,homing,0.548142,0.012772,-0.279541,0.297226,0.0,0.504211,0.012772,0.177034,0.132993,-0.057034
42.95,homing,0.54472,0.012647,-0.277777,0.294305,0.0,0.501208,0.012647,0.178671,0.135006,-0.058671
43.0,homing,0.541222,0.012518,-0.275973,0.291318,0.0,0.498139,0.012519,0.180346,0.137122,-0.060346
43.05,homing,0.537649,0.012387,-0.27413,0.288269,0.0,0.495006,0.012387,0.182057,0.139342,-0.062057
43.1,homing,0.534005,0.012254,-0.272251,0.285157,0.0,0.491809,0.012254,0.183804,0.141665,-0.063804
43.15,homing,0.530291,0.012117,-0.270335,0.281986,0.0,0.488551,0.012117,0.185587,0.14409,-0.065587
43.2,homing,0.526508,0.011979,-0.268385,0.278757,0.0,0.485234,0.011979,0.187404,0.146617,-0.067404
43.25,homing,0.52266,0.011837,-0.2664,0.275471,0.0,0.48186,0.011838,0.189254,0.149244,-0.069254
43.3,homing,0.518747,0.011694,-0.264382,0.27213,0.0,0.478429,0.011694,0.191136,0.15197,-0.071136
43.35,homing,0.514772,0.011548,-0.262332,0.268737,0.0,0.474945,0.011548,0.19305,0.154792,-0.07305
43.4,homing,0.510738,0.0114,-0.260252,0.265293,0.0,0.471409,0.0114,0.194994,0.157709,-0.074994
43.45,homing,0.506646,0.01125,-0.258141,0.261799,0.0,0.467823,0.01125,0.196968,0.160719,-0.076968
43.5,homing,0.502499,0.011098,-0.256003,0.258259,0.0,0.464189,0.011098,0.19897,0.16382,-0.07897
43.55,homing,0.498298,0.010944,-0.253837,0.254673,0.0,0.460509,0.010944,0.201,0.167008,-0.081
43.6,homing,0.494047,0.010788,-0.251644,0.251043,0.0,0.456785,0.010788,0.203056,0.170281,-0.083056
43.65,homing,0.489747,0.01063,-0.249427,0.247372,0.0,0.453019,0.01063,0.205138,0.173636,-0.085138
43.7,homing,0.485402,0.010471,-0.247185,0.243662,0.0,0.449213,0.010471,0.207244,0.177072,-0.087244
43.75,homing,0.481012,0.01031,-0.244922,0.239914,0.0,0.445369,0.01031,0.209373,0.180583,-0.089373
43.8,homing,0.476581,0.010147,-0.242636,0.236131,0.0,0.441489,0.010147,0.211524,0.184168,-0.091524
43.85,homing,0.47211,0.009983,-0.240331,0.232314,0.0,0.437576,0.009983,0.213697,0.187823,-0.093697
43.9,homing,0.467603,0.009818,-0.238007,0.228467,0.0,0.433631,0.009818,0.215889,0.191546,-0.095889
43.95,homing,0.463062,0.009651,-0.235665,0.22459,0.0,0.429656,0.009651,0.218101,0.195332,-0.098101
44.0,homing,0.458489,0.009483,-0.233306,0.220685,0.0,0.425654,0.009483,0.22033,0.199178,-0.10033
44.05,homing,0.453887,0.009314,-0.230933,0.216756,0.0,0.421628,0.009314,0.222575,0.203082,-0.102575
44.1,homing,0.449258,0.009145,-0.228546,0.212804,0.0,0.417578,0.009145,0.224836,0.20704,-0.104836
44.15,homing,0.444605,0.008974,-0.226146,0.208832,0.0,0.413507,0.008974,0.227111,0.211049,-0.107111
44.2,homing,0.43993,0.008802,-0.223735,0.20484,0.0,0.409418,0.008802,0.229399,0.215104,-0.109399
44.25,homing,0.435235,0.00863,-0.221314,0.200833,0.0,0.405313,0.00863,0.231699,0.219204,-0.111699
44.3,homing,0.430525,0.008457,-0.218885,0.196811,0.0,0.401193,0.008457,0.234009,0.223344,-0.114009
44.35,homing,0.4258,0.008284,-0.216448,0.192777,0.0,0.397062,0.008284,0.236329,0.227521,-0.116329
44.4,homing,0.421063,0.00811,-0.214005,0.188733,0.0,0.392921,0.00811,0.238657,0.231732,-0.118657
44.45,homing,0.416317,0.007936,-0.211558,0.184681,0.0,0.388772,0.007936,0.240991,0.235973,-0.120991
44.5,homing,0.411565,0.007762,-0.209107,0.180624,0.0,0.384619,0.007762,0.243332,0.240241,-0.123332
44.55,homing,0.406809,0.007587,-0.206654,0.176564,0.0,0.380462,0.007587,0.245676,0.244534,-0.125676
44.6,homing,0.402052,0.007413,-0.204201,0.172502,0.0,0.376305,0.007413,0.248024,0.248846,-0.128024
44.65,homing,0.397296,0.007238,-0.201748,0.168442,0.0,0.372149,0.007238,0.250373,0.253176,-0.130373
44.7,homing,0.392544,0.007064,-0.199298,0.164385,0.0,0.367997,0.007064,0.252723,0.25752,-0.132723
44.75,homing,0.387798,0.00689,-0.19685,0.160333,0.0,0.363851,0.00689,0.255072,0.261875,-0.135072
44.8,homing,0.383062,0.006716,-0.194407,0.156289,0.0,0.359714,0.006716,0.257419,0.266237,-0.137419
44.85,homing,0.378337,0.006543,-0.191971,0.152255,0.0,0.355587,0.006543,0.259763,0.270604,-0.139763
44.9,homing,0.373626,0.00637,-0.189541,0.148233,0.0,0.351472,0.00637,0.262102,0.274972,-0.142102
44.95,homing,0.368932,0.006198,-0.18712,0.144226,0.0,0.347373,0.006198,0.264436,0.279338,-0.144436
45.0,homing,0.364257,0.006026,-0.184709,0.140234,0.0,0.34329,0.006026,0.266762,0.283699,-0.146762
45.05,homing,0.359603,0.005855,-0.18231,0.136262,0.0,0.339227,0.005855,0.269079,0.288052,-0.149079
45.1,homing,0.354974,0.005686,-0.179922,0.13231,0.0,0.335186,0.005686,0.271387,0.292394,-0.151387
45.15,homing,0.350372,0.005517,-0.177549,0.12838,0.0,0.331168,0.005517,0.273684,0.296722,-0.153684
45.2,homing,0.345799,0.005349,-0.175191,0.124476,0.0,0.327176,0.005349,0.275969,0.301033,-0.155969
45.25,homing,0.341258,0.005182,-0.172849,0.120599,0.0,0.323212,0.005182,0.278239,0.305324,-0.158239
45.3,homing,0.336751,0.005017,-0.170524,0.116751,0.0,0.319278,0.005017,0.280495,0.309592,-0.160495
45.35,homing,0.332281,0.004853,-0.168219,0.112935,0.0,0.315377,0.004853,0.282735,0.313834,-0.162735
45.4,homing,0.32785,0.00469,-0.165934,0.109152,0.0,0.311509,0.00469,0.284958,0.318048,-0.164958
45.45,homing,0.32346,0.004529,-0.16367,0.105404,0.0,0.307678,0.004529,0.287161,0.32223,-0.167161
45.5,homing,0.319114,0.00437,-0.161429,0.101694,0.0,0.303886,0.00437,0.289345,0.326378,-0.169345
45.55,homing,0.314814,0.004212,-0.159211,0.098023,0.0,0.300134,0.004212,0.291508,0.33049,-0.171508
45.6,homing,0.310563,0.004056,-0.157019,0.094393,0.0,0.296425,0.004056,0.293648,0.334561,-0.173648
45.65,homing,0.306363,0.003902,-0.154853,0.090807,0.0,0.29276,0.003902,0.295764,0.338591,-0.175764
45.7,homing,0.302215,0.00375,-0.152714,0.087266,0.0,0.289142,0.00375,0.297856,0.342576,-0.177856
45.75,homing,0.298123,0.0036,-0.150604,0.083773,0.0,0.285572,0.0036,0.299921,0.346513,-0.179921
45.8,homing,0.294089,0.003452,-0.148523,0.080329,0.0,0.282053,0.003452,0.30196,0.3504,-0.18196
45.85,homing,0.290115,0.003306,-0.146473,0.076935,0.0,0.278586,0.003306,0.303969,0.354236,-0.183969
45.9,homing,0.286202,0.003163,-0.144455,0.073595,0.0,0.275173,0.003163,0.30595,0.358016,-0.18595
45.95,homing,0.282353,0.003021,-0.142471,0.070309,0.0,0.271815,0.003021,0.307899,0.361739,-0.187899
46.0,homing,0.278571,0.002883,-0.14052,0.06708,0.0,0.268516,0.002883,0.309816,0.365402,-0.189816
46.05,homing,0.274856,0.002746,-0.138604,0.063909,0.0,0.265276,0.002746,0.311701,0.369004,-0.191701
46.1,homing,0.271212,0.002613,-0.136725,0.060797,0.0,0.262098,0.002613,0.313551,0.372541,-0.193551
46.15,homing,0.26764,0.002482,-0.134883,0.057748,0.0,0.258983,0.002482,0.315366,0.376012,-0.195366
46.2,homing,0.264142,0.002353,-0.133079,0.054761,0.0,0.255932,0.002353,0.317145,0.379414,-0.197145
46.25,homing,0.26072,0.002228,-0.131314,0.05184,0.0,0.252947,0.002228,0.318887,0.382745,-0.198887
46.3,homing,0.257376,0.002105,-0.129589,0.048984,0.0,0.250031,0.002105,0.32059,0.386004,-0.20059
46.35,homing,0.254111,0.001985,-0.127906,0.046197,0.0,0.247184,0.001985,0.322253,0.389188,-0.202253
46.4,homing,0.250928,0.001868,-0.126264,0.04348,0.0,0.244408,0.001868,0.323877,0.392295,-0.203877
46.45,homing,0.247828,0.001755,-0.124665,0.040833,0.0,0.241704,0.001755,0.325459,0.395324,-0.205459
46.5,homing,0.244812,0.001644,-0.12311,0.038259,0.0,0.239075,0.001644,0.326998,0.398272,-0.206998
46.55,homing,0.241884,0.001537,-0.1216,0.035758,0.0,0.236521,0.001537,0.328495,0.401137,-0.208495
46.6,homing,0.239043,0.001432,-0.120135,0.033333,0.0,0.234044,0.001432,0.329948,0.403918,-0.209948
46.65,homing,0.236292,0.001331,-0.118716,0.030984,0.0,0.231645,0.001331,0.331355,0.406614,-0.211355
46.7,homing,0.233631,0.001234,-0.117344,0.028713,0.0,0.229325,0.001234,0.332717,0.409222,-0.212717
46.75,homing,0.231064,0.00114,-0.11602,0.026521,0.0,0.227086,0.00114,0.334032,0.41174,-0.214032
46.8,homing,0.22859,0.001049,-0.114744,0.024409,0.0,0.224929,0.001049,0.3353,0.414168,-0.2153
46.85,homing,0.226211,0.000962,-0.113517,0.022378,0.0,0.222855,0.000962,0.336519,0.416504,-0.216519
46.9,homing,0.223929,0.000878,-0.112341,0.020429,0.0,0.220865,0.000878,0.33769,0.418747,-0.21769
46.95,homing,0.221745,0.000798,-0.111214,0.018565,0.0,0.21896,0.000798,0.338811,0.420894,-0.218811
47.0,homing,0.219659,0.000721,-0.110139,0.016784,0.0,0.217142,0.000721,0.339882,0.422945,-0.219882
47.05,homing,0.217674,0.000648,-0.109115,0.015089,0.0,0.215411,0.000648,0.340902,0.424898,-0.220902
47.1,homing,0.21579,0.000579,-0.108143,0.01348,0.0,0.213768,0.000579,0.34187,0.426753,-0.22187
47.15,homing,0.214008,0.000514,-0.107224,0.011959,0.0,0.212214,0.000514,0.342786,0.428508,-0.222786
47.2,homing,0.212329,0.000452,-0.106358,0.010526,0.0,0.21075,0.000452,0.343649,0.430161,-0.223649
47.25,homing,0.210754,0.000395,-0.105546,0.009181,0.0,0.209377,0.000395,0.34446,0.431713,-0.22446
47.3,homing,0.209284,0.000341,-0.104788,0.007926,0.0,0.208095,0.000341,0.345216,0.433162,-0.225216
47.35,homing,0.207919,0.000291,-0.104084,0.006761,0.0,0.206905,0.000291,0.345919,0.434507,-0.225919
47.4,homing,0.206661,0.000244,-0.103435,0.005687,0.0,0.205808,0.000244,0.346566,0.435748,-0.226566
47.45,homing,0.20551,0.000202,-0.102842,0.004705,0.0,0.204805,0.000202,0.347159,0.436883,-0.227159
47.5,homing,0.204467,0.000164,-0.102304,0.003814,0.0,0.203895,0.000164,0.347696,0.437913,-0.227696
47.55,homing,0.203532,0.00013,-0.101822,0.003016,0.0,0.20308,0.00013,0.348178,0.438835,-0.228178
47.6,homing,0.202706,9.9e-05,-0.101396,0.002311,0.0,0.20236,9.9e-05,0.348604,0.439651,-0.228604
47.65,homing,0.20199,7.3e-05,-0.101026,0.001699,0.0,0.201735,7.3e-05,0.348973,0.440358,-0.228973
47.7,homing,0.201382,5.1e-05,-0.100713,0.00118,0.0,0.201205,5.1e-05,0.349287,0.440958,-0.229287
47.75,homing,0.200885,3.2e-05,-0.100456,0.000756,0.0,0.200772,3.2e-05,0.349543,0.441449,-0.229543
47.8,homing,0.200498,1.8e-05,-0.100257,0.000425,0.0,0.200434,1.8e-05,0.349742,0.441831,-0.229742
47.85,homing,0.200221,8e-06,-0.100114,0.000189,0.0,0.200193,8e-06,0.349885,0.442104,-0.229885
47.9,homing,0.200055,2e-06,-0.100029,4.7e-05,0.0,0.200048,2e-06,0.349971,0.442268,-0.229971
47.95,homing,0.2,0.0,-0.1,0.0,0.0,0.2,0.0,0.349999,0.442323,-0.229999
